sample_idx,start,end,value,type
50981,0.0,16.0,godail@yahoo.com,EMAIL_ADDRESS
50981,279.0,295.0,9482MG@yahoo.com,EMAIL_ADDRESS
50981,322.0,331.0,576515879,PHONE_NUMBER
50981,88.0,98.0,ALT829681K,IDENTIFICATION_NUMBER
50981,375.0,381.0,8F63XV,RIVER_DRIVER_LICENSE
50981,219.0,225.0,Godail,PERSON_NAME
41825,131.0,141.0,27/03/1976,DATE_OF_BIRTH
41825,157.0,165.0,Rijswijk,LOCATION
41825,166.0,174.0,Rijswijk,LOCATION
38643,432.0,437.0,58284,US_SOCIAL_SECURITY_NUMBER
38643,337.0,353.0,"januari 3e, 1948",DATE_OF_BIRTH
38643,376.0,394.0,weirauch@gmail.com,EMAIL_ADDRESS
36622,98.0,116.0,RRW@protonmail.com,EMAIL_ADDRESS
36622,214.0,223.0,M@aol.com,EMAIL_ADDRESS
36622,279.0,305.0,1940cristofani@outlook.com,EMAIL_ADDRESS
36622,25.0,33.0,Guagenti,PERSON_NAME
36622,55.0,66.0,Ciancarelli,PERSON_NAME
36622,136.0,147.0,Reichhalter,PERSON_NAME
36622,178.0,184.0,Waseem,PERSON_NAME
36622,241.0,247.0,Makkai,PERSON_NAME
36622,325.0,335.0,Cristofani,PERSON_NAME
52128,200.0,216.0,UC13@outlook.com,EMAIL_ADDRESS
52128,235.0,244.0,K61696156,US_SOCIAL_SECURITY_NUMBER
52128,298.0,307.0,K68Q3394A,PASSPORT_NUMBER
52128,175.0,189.0,oripbyey158674,PERSON_NAME
48747,104.0,114.0,21/03/1987,DATE_OF_BIRTH
48747,120.0,128.0,19:17:03,DATE_OF_BIRTH
48747,269.0,279.0,20/06/1953,DATE_OF_BIRTH
48747,285.0,290.0,10:06,DATE_OF_BIRTH
40485,117.0,133.0,Y@protonmail.com,EMAIL_ADDRESS
40485,139.0,150.0,0K3189Y23I0,CREDIT_CARD_NUMBER
40485,156.0,165.0,Nederland,LOCATION
40485,180.0,189.0,Schansweg,STREET_ADDRESS
40485,195.0,206.0,Haaksbergen,LOCATION
40485,220.0,227.0,7481 TK,STREET_ADDRESS
38922,64.0,99.0,2003zhenfeng.eldalgamouni@yahoo.com,EMAIL_ADDRESS
38922,183.0,209.0,peppo.obadar46@hotmail.com,EMAIL_ADDRESS
38922,292.0,317.0,watiyfsz30@protonmail.com,EMAIL_ADDRESS
38922,400.0,427.0,qexoskzftgtzyz89371@aol.com,EMAIL_ADDRESS
51986,26.0,36.0,28/08/1972,DATE_OF_BIRTH
51986,103.0,118.0,"maart 18e, 1985",DATE_OF_BIRTH
51986,190.0,209.0,1961-09-13T00:00:00,DATE_OF_BIRTH
56114,105.0,117.0,08117-379894,PHONE_NUMBER
56114,148.0,164.0,0012 88.746.2536,PHONE_NUMBER
56114,72.0,81.0,Therapeut,PERSON_NAME
56114,84.0,93.0,Therapeut,PERSON_NAME
56114,204.0,213.0,Therapeut,PERSON_NAME
56114,119.0,126.0,Patiënt,PERSON_NAME
56114,129.0,136.0,Patiënt,PERSON_NAME
56114,273.0,280.0,Patiënt,PERSON_NAME
34365,53.0,64.0,december/03,DATE_OF_BIRTH
34365,106.0,117.0,december/03,DATE_OF_BIRTH
34365,151.0,175.0,soukcraciunesc@yahoo.com,EMAIL_ADDRESS
34365,260.0,279.0,1982-03-08T00:00:00,DATE_OF_BIRTH
34365,321.0,340.0,1982-03-08T00:00:00,DATE_OF_BIRTH
34365,374.0,403.0,tkcwncakccuqbws161951@aol.com,EMAIL_ADDRESS
34365,441.0,444.0,HZE,PAS_NUMBER
58284,99.0,107.0,gangneux,PERSON_NAME
58284,140.0,156.0,04AJGG@gmail.com,EMAIL_ADDRESS
58284,179.0,188.0,6RPB83IGO,RIVERWJSNUMMER
58284,200.0,202.0,NL,LOCATION
58284,215.0,247.0,"126, Voldijkje, Goirle, NB, 5053",STREET_ADDRESS
58284,243.0,247.0,5053,POSTCODE
32384,16.0,29.0,1991ashamsaie,PERSON_NAME
32384,62.0,78.0,756.0988.8585.40,US_SOCIAL_SECURITY_NUMBER
32384,96.0,104.0,J8229188,PASSPORT
45675,351.0,360.0,Koudinova,PERSON_NAME
45675,381.0,385.0,1944,DATE_OF_BIRTH
55626,304.0,314.0,02/12/2002,DATE_OF_BIRTH
55626,287.0,298.0,"52.526, 4.9",LOCATION
52079,177.0,186.0,Stefanija,PERSON_NAME
52079,243.0,261.0,"augustus 23e, 1995",DATE_OF_BIRTH
52079,325.0,334.0,479151095,US_SOCIAL_SECURITY_NUMBER
41552,180.0,186.0,D6K3IU,PERSON_NAME
43835,24.0,43.0,21lendi@hotmail.com,EMAIL_ADDRESS
43835,132.0,151.0,21lendi@hotmail.com,EMAIL_ADDRESS
43835,45.0,54.0,255909650,PHONE_NUMBER
43835,153.0,162.0,255909650,PHONE_NUMBER
43835,56.0,66.0,KRI20II6NJ,CREDIT_CARD_NUMBER
43835,164.0,174.0,KRI20II6NJ,CREDIT_CARD_NUMBER
43835,72.0,89.0,00310.93.007 0129,PHONE_NUMBER
43835,180.0,197.0,00310.93.007 0129,PHONE_NUMBER
43835,254.0,263.0,09IH64791,CREDIT_CARD_NUMBER
43835,281.0,290.0,013937562,PHONE_NUMBER
43835,292.0,294.0,LU,CREDIT_CARD_NUMBER
43835,328.0,337.0,205935813,PHONE_NUMBER
43835,339.0,341.0,FX,CREDIT_CARD_NUMBER
43835,373.0,382.0,369433269,PHONE_NUMBER
42340,109.0,118.0,[Ruiyuan],PERSON_NAME
42340,119.0,133.0,[Isabel-Maria],PERSON_NAME
42340,364.0,367.0,[Dw],PERSON_NAME
47345,77.0,87.0,CLZTR0H1K9,RIVERSIDE_DRIVER_LICENSE_NUMBER
47345,213.0,221.0,BMREF2ER,RIVERSIDE_DRIVER_LICENSE_NUMBER
47345,365.0,374.0,NWMH7W6BT,RIVERSIDE_DRIVER_LICENSE_NUMBER
47345,14.0,18.0,4522,POSTCODE
47345,329.0,333.0,4671,POSTCODE
47345,177.0,181.0,8255,POSTCODE
47345,460.0,464.0,1391,POSTCODE
45002,53.0,59.0,Ayeche,PERSON_NAME
45002,98.0,104.0,Ayeche,PERSON_NAME
45002,126.0,129.0,PJJ,ID_CARD_NUMBER
45002,152.0,162.0,IQTJJ6FZI6,RIDER_LICENSE_NUMBER
45002,184.0,186.0,UV,PASSPORT_NUMBER
45002,345.0,359.0,55.118.247.235,IP_ADDRESS
45002,260.0,269.0,Werkendam,LOCATION
45002,270.0,279.0,Werkendam,LOCATION
45002,325.0,329.0,4251,POSTCODE
45002,198.0,200.0,NL,COUNTRY
43125,447.0,456.0,130534900,BURGERSERVICE_NUMMER
43125,408.0,418.0,05/03/1996,DATE_OF_BIRTH
39230,350.0,354.0,07:3,DATE_OF_BIRTH
46736,30.0,41.0,regazzoni97,PERSON_NAME
46736,117.0,128.0,regazzoni97,PERSON_NAME
46736,373.0,384.0,regazzoni97,PERSON_NAME
46736,79.0,81.0,UW,PASSPORT_NUMBER
46736,422.0,441.0,13sathiyavani.mahho,PERSON_NAME
40942,330.0,340.0,16/09/1935,DATE_OF_BIRTH
40942,47.0,51.0,1980,DATE_OF_BIRTH
47376,16.0,25.0,454715962,US_SOCIAL_SECURITY_NUMBER
47376,95.0,104.0,861033370,PHONE_NUMBER
47376,172.0,181.0,657829796,PHONE_NUMBER
47376,276.0,285.0,581495275,PHONE_NUMBER
47376,357.0,377.0,2-73-06-57119-281-88,CREDIT_CARD_NUMBER
38448,101.0,109.0,Zerabruk,PERSON_NAME
38448,154.0,160.0,Leibig,PERSON_NAME
38448,219.0,221.0,NM,PASSPORT_NUMBER
38448,309.0,314.0,Fojan,PERSON_NAME
38448,359.0,371.0,Schmollinger,PERSON_NAME
38448,416.0,426.0,Ottersberg,LOCATION
39992,418.0,424.0,196919,US_SOCIAL_SECURITY_NUMBER
41980,213.0,227.0,"juli 11e, 1995",DATE_OF_BIRTH
41980,333.0,343.0,Q75U2C7LDN,RIVER_ADDRESS
41980,359.0,372.0,68.19.239.142,IP_ADDRESS
41980,313.0,316.0,GCH,ID_CARD
49857,13.0,30.0,0018-056-154 5155,PHONE_NUMBER
49857,153.0,167.0,+77.90205.7105,PHONE_NUMBER
49857,268.0,285.0,+574 436 826 8709,PHONE_NUMBER
49857,415.0,432.0,+173.645.705 0509,PHONE_NUMBER
41358,19.0,28.0,964709108,US_SOCIAL_SECURITY_NUMBER
41358,101.0,110.0,679664887,US_SOCIAL_SECURITY_NUMBER
41358,183.0,192.0,482829205,US_SOCIAL_SECURITY_NUMBER
41358,265.0,274.0,266942090,US_SOCIAL_SECURITY_NUMBER
41358,347.0,368.0,Jak-Nan-16-I-31-3-QBE,US_SOCIAL_SECURITY_NUMBER
41358,448.0,457.0,447984550,US_SOCIAL_SECURITY_NUMBER
41843,169.0,175.0,Rafiou,PERSON_NAME
41843,192.0,205.0,Vimalananthan,PERSON_NAME
41843,31.0,42.0,Netherlands,LOCATION
41843,72.0,83.0,Netherlands,LOCATION
41843,143.0,154.0,Netherlands,LOCATION
41843,178.0,189.0,Netherlands,LOCATION
41843,208.0,219.0,Netherlands,LOCATION
41843,227.0,238.0,Netherlands,LOCATION
35119,95.0,100.0,Sutka,PERSON_NAME
35119,233.0,246.0,37concha.siep,USERNAME
35119,262.0,268.0,Concha,PERSON_NAME
35119,335.0,341.0,Aljosa,PERSON_NAME
35119,345.0,350.0,Ylian,PERSON_NAME
35119,389.0,403.0,gztfycnknkmmwd,USERNAME
54019,60.0,92.0,j.vdberg@healthcarenederland.com,EMAIL_ADDRESS
54019,13.0,38.0,Dr. Johannes van der Berg,PERSON_NAME
41341,52.0,68.0,28felipe@aol.com,EMAIL_ADDRESS
41341,215.0,230.0,R1939@yahoo.com,EMAIL_ADDRESS
41341,373.0,388.0,P15@outlook.com,EMAIL_ADDRESS
47341,112.0,116.0,1zQ2,PHONE_NUMBER
47341,136.0,146.0,2616246789,PHONE_NUMBER
47341,266.0,287.0,Ruo Abb 24 H 67 3 PWX,SOCIAL_SECURITY_NUMBER
47341,300.0,315.0,244.157.169.179,IP_ADDRESS
47341,362.0,394.0,H4.FRA.90WO8617.2.510614.GRIGORE,RIVER_NUMBER
47341,407.0,413.0,France,LOCATION
47341,423.0,446.0,Straat Route de Lagarde,STREET_ADDRESS
48021,159.0,162.0,Min,PERSON_NAME
48021,183.0,193.0,10/06/1999,DATE_OF_BIRTH
48021,209.0,218.0,P5632293F,ID_KAART
48021,240.0,249.0,ZGH098025,PASPOORTNUMMER
48021,271.0,284.0,0102-22081418,PHONE_NUMBER
48021,302.0,313.0,D?n8h*3|dLF,WACHTWOORD
48021,400.0,403.0,Grv,PERSON_NAME
49820,13.0,20.0,Waranya,PERSON_NAME
49820,65.0,74.0,Liv-Marie,PERSON_NAME
49820,93.0,103.0,Albachiara,PERSON_NAME
49820,148.0,152.0,Raja,PERSON_NAME
49820,197.0,201.0,Sada,PERSON_NAME
49820,252.0,259.0,Namgyel,PERSON_NAME
49820,278.0,294.0,Nicolae-Cristian,PERSON_NAME
43525,12.0,29.0,+319.575-653 6560,PHONE_NUMBER
43525,66.0,81.0,+31.78-413-4517,PHONE_NUMBER
43525,178.0,193.0,+09-45.647-4391,PHONE_NUMBER
43525,230.0,243.0,+4304852 2156,PHONE_NUMBER
43525,284.0,300.0,0131.20 192-2451,PHONE_NUMBER
43525,366.0,380.0,0148 696381783,PHONE_NUMBER
31335,218.0,228.0,03/03/1998,DATE_OF_BIRTH
31335,234.0,249.0,E-B03@gmail.com,EMAIL_ADDRESS
31335,255.0,266.0,404-07-6210,PHONE_NUMBER
31335,272.0,285.0,ID-6260949989,US_SOCIAL_SECURITY_NUMBER
31335,291.0,306.0,+83 61 181.3216,PHONE_NUMBER
31335,132.0,171.0,84da:59d4:4538:4d52:993b:4b60:bbbf:f34c,LOCATION
52850,218.0,224.0,Vanyek,PERSON_NAME
52850,187.0,189.0,TI,Passport_Number
40841,23.0,32.0,123634629,PHONE_NUMBER
40841,87.0,96.0,665744117,PHONE_NUMBER
40841,181.0,190.0,205709211,PHONE_NUMBER
40841,252.0,261.0,513069995,PHONE_NUMBER
40841,314.0,328.0,21e april 1967,DATE_OF_BIRTH
51787,253.0,269.0,756.6092.9408.23,US_SOCIAL_SECURITY_NUMBER
51787,219.0,229.0,28/12/1968,DATE_OF_BIRTH
51787,193.0,200.0,Caruolo,PERSON_NAME
51787,318.0,326.0,U5649628,PASSPORT_NUMBER
40267,3.0,17.0,+82-48726-7171,PHONE_NUMBER
40267,33.0,45.0,38.39.101.25,LOCATION
46805,23.0,32.0,608169408,US_SOCIAL_SECURITY_NUMBER
46805,64.0,77.0,+31-970415908,PHONE_NUMBER
46805,219.0,228.0,Shitikova,PERSON_NAME
44603,99.0,109.0,18/06/1960,DATE_OF_BIRTH
44603,205.0,213.0,maart/90,DATE_OF_BIRTH
44603,304.0,314.0,02/08/1957,DATE_OF_BIRTH
44603,399.0,416.0,"oktober 31e, 1973",DATE_OF_BIRTH
36705,277.0,290.0,armida.fregja,EMAIL_ADDRESS
36705,304.0,317.0,armida.fregja,EMAIL_ADDRESS
36705,304.0,329.0,armida.fregja@hotmail.com,EMAIL_ADDRESS
32961,263.0,272.0,32BV67680,CREDIT_CARD_NUMBER
32961,347.0,366.0,5559785240431526356,CREDIT_CARD_NUMBER
39860,17.0,46.0,bertan.paskuwal1961@yahoo.com,EMAIL_ADDRESS
39860,72.0,75.0,BNW,US_SOCIAL_SECURITY_NUMBER
39860,102.0,127.0,Bar Brianne Frankenreiter,PERSON_NAME
39860,169.0,198.0,1frankenreiter@protonmail.com,EMAIL_ADDRESS
39860,241.0,266.0,"14:24, 20e september 2015",DATE_OF_BIRTH
39860,280.0,289.0,Nederland,LOCATION
49382,76.0,90.0,Esaïe Baksteen,PERSON_NAME
49382,114.0,146.0,"Amstelveen, 1181 MJ, Netherlands",LOCATION
49382,177.0,191.0,"juni 30e, 2062",DATE_OF_BIRTH
46053,94.0,108.0,49.223.235.142,IP_ADDRESS
46053,224.0,239.0,180.149.127.136,IP_ADDRESS
48572,16.0,66.0,"482, Vlietweg, Kaag en Braassem Hoogmade, ZH, 2355",STREET_ADDRESS
48572,82.0,120.0,4a6d:5cd1:25b:f67a:79a9:98b5:b164:f6d6,IP_ADDRESS
48572,138.0,150.0,n4t32_|;&=V5,PASSWORD
48572,374.0,393.0,Nijmegen Hunnerberg,LOCATION
52432,100.0,114.0,L@tutanota.com,EMAIL_ADDRESS
52432,180.0,195.0,003173-905 9655,PHONE_NUMBER
52432,145.0,153.0,EBHG0AU0,CREDIT_CARD_NUMBER
52432,39.0,49.0,24/10/1995,DATE_OF_BIRTH
49419,290.0,300.0,02/05/1958,DATE_OF_BIRTH
49419,171.0,195.0,Health Check-up Reminder,PERSON_NAME
51114,0.0,18.0,bdgh906436@aol.com,EMAIL_ADDRESS
51114,100.0,113.0,+7147857-1491,PHONE_NUMBER
51114,121.0,135.0,145.163.33.127,LOCATION
51114,277.0,295.0,L1962@tutanota.com,EMAIL_ADDRESS
51114,368.0,380.0,035 594 5749,PHONE_NUMBER
48267,31.0,40.0,997345815,PHONE_NUMBER
48267,111.0,120.0,697986252,PHONE_NUMBER
48267,195.0,207.0,497609630996,PHONE_NUMBER
48267,278.0,287.0,593529931,PHONE_NUMBER
52543,56.0,69.0,13R@yahoo.com,EMAIL_ADDRESS
52543,136.0,149.0,13R@yahoo.com,EMAIL_ADDRESS
52543,398.0,411.0,13R@yahoo.com,EMAIL_ADDRESS
52543,119.0,149.0,42cyriaque.macháková@yahoo.com,EMAIL_ADDRESS
52543,200.0,211.0,AAB@aol.com,EMAIL_ADDRESS
52543,287.0,317.0,dedekfgtejmvh35162@outlook.com,EMAIL_ADDRESS
52543,395.0,411.0,1998MB@yahoo.com,EMAIL_ADDRESS
49566,1.0,18.0,larsen.karadurmus,PERSON_NAME
49566,24.0,30.0,sadhbh,PERSON_NAME
49566,52.0,57.0,Naara,PERSON_NAME
49566,88.0,92.0,Nesa,PERSON_NAME
49566,94.0,98.0,sdwi,UNKNOWN
49566,80.0,85.0,Nijaz,PERSON_NAME
49566,133.0,148.0,48nirosan.bolli,PERSON_NAME
49566,151.0,157.0,Idrees,PERSON_NAME
49566,70.0,77.0,Nih1952,UNKNOWN
49566,169.0,186.0,Hsjibzsejufh78078,UNKNOWN
56787,60.0,72.0,sbfdvbt78117,PERSON_NAME
56787,137.0,156.0,17regan.abdelkhalek,PERSON_NAME
56787,216.0,232.0,ooutbdphzlcq2204,PERSON_NAME
56787,366.0,377.0,dominique18,PERSON_NAME
45466,268.0,288.0,rachmuth@outlook.com,EMAIL_ADDRESS
45466,313.0,323.0,1ZDU1SGQQS,RIVERWJSNUMMER
45466,72.0,74.0,NL,LOCATION
45466,337.0,339.0,NL,LOCATION
45466,90.0,93.0,569,LOCATION
45466,109.0,121.0,Heesterseweg,STREET_ADDRESS
45466,135.0,148.0,Geffen Geffen,LOCATION
45466,167.0,169.0,NB,LOCATION
45466,187.0,191.0,5386,LOCATION
45466,247.0,252.0,Druga,PERSON_NAME
45466,355.0,358.0,489,LOCATION
34427,90.0,95.0,Eyasu,PERSON_NAME
42738,203.0,212.0,F@aol.com,EMAIL_ADDRESS
42738,268.0,274.0,España,LOCATION
42738,360.0,368.0,Albacete,LOCATION
42738,413.0,421.0,Albacete,LOCATION
54810,255.0,264.0,693702655,US_SOCIAL_SECURITY_NUMBER
54810,271.0,286.0,+31 81-357-1530,PHONE_NUMBER
54835,320.0,325.0,14272,US_SOCIAL_SECURITY_NUMBER
54835,275.0,289.0,"juni 21e, 1966",DATE_OF_BIRTH
52746,240.0,263.0,[Huidige datum en tijd],DATE_OF_BIRTH
50295,276.0,300.0,bmatkps1830@tutanota.com,EMAIL_ADDRESS
52275,122.0,135.0,9e april 1995,DATE_OF_BIRTH
52275,194.0,213.0,1966-07-02T00:00:00,DATE_OF_BIRTH
52275,278.0,288.0,19/02/2003,DATE_OF_BIRTH
52275,347.0,357.0,19/09/1997,DATE_OF_BIRTH
38069,43.0,72.0,femezntspufowz83233@yahoo.com,EMAIL_ADDRESS
38069,99.0,108.0,995345792,US_SOCIAL_SECURITY_NUMBER
38069,375.0,388.0,"juli 5e, 2058",DATE_OF_BIRTH
50726,99.0,102.0,Man,PERSON_NAME
50726,117.0,120.0,Man,PERSON_NAME
50726,229.0,232.0,AQO,US_SOCIAL_SECURITY_NUMBER
50726,157.0,174.0,"januari 21e, 1969",DATE_OF_BIRTH
50726,243.0,245.0,NL,LOCATION
37558,204.0,214.0,15/08/1954,DATE_OF_BIRTH
37558,233.0,259.0,gebremedhin.sengthavisay15,PERSON_NAME
37558,286.0,289.0,ZJQ,US_SOCIAL_SECURITY_NUMBER
37558,308.0,324.0,0131-38.833.1202,PHONE_NUMBER
37558,333.0,335.0,NL,LOCATION
37558,350.0,353.0,118,STREET_ADDRESS
37325,264.0,277.0,Anja de Vries,PERSON_NAME
37325,306.0,335.0,Law Van der Linden & Partners,ORGANIZATION
30534,120.0,134.0,James Ocominet,PERSON_NAME
30534,181.0,194.0,James Ocominet,PERSON_NAME
30534,155.0,165.0,04/12/1990,DATE_OF_BIRTH
30534,181.0,194.0,jamesocominet,USERNAME
30534,220.0,229.0,317786369,US_SOCIAL_SECURITY_NUMBER
30534,253.0,261.0,4KQEGWEF,DRIVER'S LICENSE
30534,277.0,279.0,AN,PASSPORT
30534,297.0,309.0,250.88.17.14,IP ADDRESS
30534,334.0,339.0,Zb&t4,SECURITY PASSWORD
34877,60.0,84.0,vtawmv39761@tutanota.com,EMAIL_ADDRESS
34877,107.0,116.0,065700521,PHONE_NUMBER
34877,142.0,145.0,VVE,US_SOCIAL_SECURITY_NUMBER
34877,164.0,176.0,BQGI3T4KN7CH,CREDIT_CARD_NUMBER
38797,174.0,193.0,1946ekansh.currenti,USER_ID
38797,216.0,224.0,Currenti,PERSON_NAME
38797,295.0,305.0,10/01/1946,DATE_OF_BIRTH
36388,380.0,392.0,387.586.9165,US_SOCIAL_SECURITY_NUMBER
36388,297.0,303.0,Giglia,PERSON_NAME
36388,433.0,435.0,GB,LOCATION
36388,446.0,449.0,225,LOCATION
51374,71.0,74.0,Adm,PERSON_NAME
51374,96.0,106.0,28/08/1976,DATE_OF_BIRTH
51374,129.0,149.0,mnafeoawyavuzjp45853,EMAIL_ADDRESS
51374,164.0,184.0,mnafeoawyavuzjp45853,EMAIL_ADDRESS
51374,164.0,196.0,mnafeoawyavuzjp45853@hotmail.com,EMAIL_ADDRESS
51374,221.0,224.0,ETG,IDENTIFICATION_NUMBER
51374,242.0,251.0,0T7HLO4OV,LICENSE_NUMBER
51374,268.0,270.0,WZ,PASSPORT_NUMBER
51374,287.0,301.0,94.233.126.214,IP_ADDRESS
50490,21.0,36.0,N2.20.F75TFI7.4,CREDIT_CARD_NUMBER
50490,57.0,81.0,U4 FRA 44VP8205 9 030521,US_SOCIAL_SECURITY_NUMBER
50490,82.0,87.0,FAYAZ,PERSON_NAME
52679,23.0,33.0,01/05/1981,DATE_OF_BIRTH
52679,56.0,64.0,VZHI68KH,PERSON_NAME
52679,76.0,85.0,Nederland,LOCATION
52679,188.0,192.0,3771,POSTCODE
52679,234.0,272.0,5f34:5978:8069:acdc:f4a5:872:7180:b877,IP
38249,104.0,126.0,edonis.macic@gmail.com,EMAIL_ADDRESS
38249,142.0,145.0,RVG,ID_CARD
38249,189.0,191.0,HI,PASSPORT
38249,219.0,233.0,G1603476239852,ID_CARD
38249,328.0,334.0,8AMOVD,DRIVER_LICENSE
38249,308.0,311.0,PHF,ID_CARD
38249,362.0,365.0,DGY,ID_CARD
31876,59.0,66.0,G2NWGAX,DriverLicense
31876,109.0,120.0,hc{LQ8C/6mu,Passport
31876,467.0,488.0,maylongatti@gmail.com,Email_Address
31876,427.0,437.0,05/05/1956,DATE_OF_BIRTH
31876,310.0,318.0,Longatti,PERSON_NAME
31876,470.0,478.0,Longatti,PERSON_NAME
36685,283.0,296.0,jeffray.mader,PERSON_NAME
36685,312.0,321.0,KIDBB1OB4,RIVER_LICENSE_NUMBER
36685,336.0,338.0,YA,PASSPORT_NUMBER
36685,353.0,361.0,yitopl18,PERSON_NAME
36685,377.0,383.0,MUDVNA,RIVER_LICENSE_NUMBER
30613,235.0,254.0,darlikina@gmail.com,EMAIL_ADDRESS
30613,44.0,50.0,Darlin,PERSON_NAME
30613,322.0,328.0,Darlin,PERSON_NAME
30613,358.0,364.0,Joschi,PERSON_NAME
30613,51.0,56.0,Kinap,PERSON_NAME
30613,386.0,391.0,Kinap,PERSON_NAME
30613,420.0,425.0,Tanis,PERSON_NAME
30613,160.0,169.0,Nederland,LOCATION
30613,445.0,454.0,Nederland,LOCATION
56873,48.0,58.0,22/06/1942,DATE_OF_BIRTH
56873,227.0,237.0,22/06/1942,DATE_OF_BIRTH
56873,60.0,77.0,61aster.jakovljev,PERSON_NAME
56873,79.0,96.0,61aster.jakovljev,PERSON_NAME
56873,239.0,256.0,61aster.jakovljev,PERSON_NAME
56873,258.0,275.0,61aster.jakovljev,PERSON_NAME
56873,79.0,106.0,61aster.jakovljev@yahoo.com,EMAIL_ADDRESS
56873,258.0,285.0,61aster.jakovljev@yahoo.com,EMAIL_ADDRESS
56873,112.0,124.0,05574-364909,PHONE_NUMBER
56873,291.0,303.0,05574-364909,PHONE_NUMBER
56873,135.0,196.0,"Dr. C.W. Ittmannpad, Amsterdam Rijnbuurt, Noord-Holland, 1079",STREET_ADDRESS
56873,314.0,375.0,"Dr. C.W. Ittmannpad, Amsterdam Rijnbuurt, Noord-Holland, 1079",STREET_ADDRESS
20164,376.0,384.0,3456ABCD,CLAIM_NUMBER
20164,425.0,449.0,"Southeast 89th Street, O",LOCATION
7747,35.0,54.0,STOJA 002181 ST 866,DRIVER_LICENSE
7747,78.0,87.0,881349019,US_SOCIAL_SECURITY_NUMBER
7747,117.0,130.0,053.5428 5559,PHONE_NUMBER
25521,145.0,150.0,BOD_G,PERSON_NAME
25521,156.0,161.0,BOD_G,PERSON_NAME
25521,239.0,244.0,BOD_G,PERSON_NAME
25521,249.0,254.0,BOD_G,PERSON_NAME
25521,345.0,350.0,BOD_G,PERSON_NAME
25521,352.0,357.0,BOD_G,PERSON_NAME
25521,363.0,368.0,BOD_G,PERSON_NAME
25521,156.0,161.0,BOD_H,PERSON_NAME
25521,239.0,244.0,BOD_H,PERSON_NAME
25521,249.0,254.0,BOD_H,PERSON_NAME
25521,345.0,350.0,BOD_H,PERSON_NAME
25521,352.0,357.0,BOD_H,PERSON_NAME
25521,363.0,368.0,BOD_H,PERSON_NAME
25521,239.0,244.0,BOD_I,PERSON_NAME
25521,249.0,254.0,BOD_I,PERSON_NAME
25521,345.0,350.0,BOD_I,PERSON_NAME
25521,352.0,357.0,BOD_I,PERSON_NAME
25521,363.0,368.0,BOD_I,PERSON_NAME
25521,249.0,254.0,BOD_J,PERSON_NAME
25521,345.0,350.0,BOD_J,PERSON_NAME
25521,352.0,357.0,BOD_J,PERSON_NAME
25521,363.0,368.0,BOD_J,PERSON_NAME
25521,345.0,350.0,BOD_K,PERSON_NAME
25521,352.0,357.0,BOD_K,PERSON_NAME
25521,363.0,368.0,BOD_K,PERSON_NAME
25521,352.0,357.0,BOD_L,PERSON_NAME
25521,363.0,368.0,BOD_L,PERSON_NAME
25521,363.0,368.0,BOD_M,PERSON_NAME
8101,104.0,114.0,29/06/1967,DATE_OF_BIRTH
8101,168.0,194.0,muafakmealing@tutanota.com,EMAIL_ADDRESS
8101,220.0,230.0,6816974650,US_SOCIAL_SECURITY_NUMBER
8101,251.0,260.0,006624686,Passport
29478,12.0,22.0,0922752031,IDCARD
29478,194.0,203.0,487635169,SOCIALNUMBER
29478,215.0,229.0,49086807547853,IDCARD
29478,411.0,422.0,188-70-0146,SOCIALNUMBER
19635,116.0,121.0,45873,POSTAL_CODE
19635,31.0,51.0,personal information,PERSON_NAME
19635,207.0,227.0,personal information,PERSON_NAME
12081,42.0,54.0,142.430.9883,US_SOCIAL_SECURITY_NUMBER
12081,119.0,131.0,648-170-9801,US_SOCIAL_SECURITY_NUMBER
12081,198.0,210.0,809 671 8186,US_SOCIAL_SECURITY_NUMBER
12081,275.0,291.0,756-3051-8495-65,US_SOCIAL_SECURITY_NUMBER
12081,352.0,368.0,756.0283.8278.42,US_SOCIAL_SECURITY_NUMBER
19409,53.0,67.0,"July 7th, 1937",DATE_OF_BIRTH
19409,82.0,97.0,wnpcckaarwdbw94,PERSON_NAME
19409,118.0,127.0,217663243,CREDIT_CARD_NUMBER
19409,141.0,143.0,US,COUNTRY
19409,288.0,295.0,Bldg 70,SECONDARY_ADDRESS
19409,310.0,317.0,ro<@El4,CREDIT_CARD_NUMBER
19409,334.0,340.0,Nicola,PERSON_NAME
19409,357.0,363.0,Grenon,PERSON_NAME
19409,380.0,387.0,El Alej,PERSON_NAME
25796,130.0,137.0,Esquire,PERSON_NAME
25796,159.0,172.0,"May 7th, 1984",DATE_OF_BIRTH
25796,195.0,207.0,Q03JN6780563,DRIVER_LICENSE
25796,225.0,237.0,064 413-3163,PHONE_NUMBER
23167,3.0,16.0,United States,LOCATION
23167,264.0,277.0,United States,LOCATION
23167,217.0,239.0,estateplan@lawfirm.com,EMAIL_ADDRESS
23167,246.0,257.0,+1 555-1234,PHONE_NUMBER
23167,416.0,427.0,November/87,DATE_OF_BIRTH
12493,233.0,245.0,647.870.1780,PHONE_NUMBER
12493,251.0,260.0,825090428,US_SOCIAL_SECURITY_NUMBER
17104,30.0,47.0,00397 11.981-3751,PHONE_NUMBER
17104,161.0,176.0,+13 45.032.1440,PHONE_NUMBER
17104,287.0,305.0,01940.903-190-4727,PHONE_NUMBER
17104,128.0,137.0,814135215,PASSPORT_NUMBER
17104,254.0,263.0,744272312,PASSPORT_NUMBER
17104,385.0,394.0,382362555,PASSPORT_NUMBER
8413,0.0,9.0,309953118,US_SOCIAL_SECURITY_NUMBER
8413,30.0,37.0,June/49,PERSON_NAME
8413,86.0,105.0,1968-11-03T00:00:00,DATE_OF_BIRTH
8413,154.0,169.0,"July 27th, 1963",DATE_OF_BIRTH
8413,243.0,254.0,Chapel Lane,LOCATION
26449,154.0,167.0,0348451159600,PHONE_NUMBER
26449,265.0,279.0,V0403903191454,CREDIT_CARD_NUMBER
26449,73.0,87.0,"May 10th, 2041",DATE_OF_BIRTH
26449,177.0,191.0,"May 10th, 2041",DATE_OF_BIRTH
26449,289.0,303.0,"May 10th, 2041",DATE_OF_BIRTH
26449,89.0,91.0,Mr,PERSON_NAME
26449,143.0,152.0,Monsignor,PERSON_NAME
26449,193.0,197.0,Heir,PERSON_NAME
26449,259.0,263.0,Heir,PERSON_NAME
26449,305.0,309.0,Mstr,PERSON_NAME
1684,147.0,169.0,[2 82 04 55488 116 61],US_SOCIAL_SECURITY_NUMBER
1684,24.0,68.0,[Medjitna] [Danisa] [Caldoro] [Hopfgartner],PERSON_NAME
1684,200.0,217.0,[danisa.medjitna],EMAIL_ADDRESS
1684,345.0,353.0,[0033194],PHONE_NUMBER
11243,128.0,136.0,bharathy,PERSON_NAME
11243,158.0,166.0,bharathy,PERSON_NAME
11243,158.0,190.0,bharathy.clauderotti@hotmail.com,EMAIL_ADDRESS
11243,221.0,233.0,493 905 4861,US_SOCIAL_SECURITY_NUMBER
11243,257.0,266.0,386163303,PASSPORT_NUMBER
11243,285.0,296.0,16.33.34.65,IP_ADDRESS
17093,322.0,336.0,HY1974@aol.com,EMAIL_ADDRESS
17093,398.0,419.0,1995DN@protonmail.com,EMAIL_ADDRESS
17093,356.0,369.0,82.240.92.226,IP_ADDRESS
17093,439.0,451.0,92.17.15.121,IP_ADDRESS
13957,101.0,122.0,25dusalimbe@gmail.com,EMAIL_ADDRESS
13957,144.0,156.0,722 972 5214,US_SOCIAL_SECURITY_NUMBER
13957,179.0,188.0,VU28757ZP,ID_CARD_NUMBER
13957,213.0,228.0,DUANP7542529963,DRIVER'S_LICENSE
13957,247.0,254.0,Duanpen,PERSON_NAME
13957,272.0,281.0,Salimbene,PERSON_NAME
13957,301.0,309.0,Wakudkar,PERSON_NAME
25037,122.0,141.0,1974-01-08T00:00:00,DATE_OF_BIRTH
25037,159.0,173.0,United Kingdom,COUNTRY
25037,219.0,234.0,Green Moor Lane,STREET_ADDRESS
25037,249.0,269.0,Preston Knowle Green,LOCATION
25037,285.0,288.0,ENG,LOCATION
25037,310.0,313.0,PR3,POSTAL_CODE
25037,373.0,412.0,22e2:6883:abd6:d42b:4a99:8413:da5e:4ade,IP_ADDRESS
25037,431.0,440.0,z.<q0nW-R,PASSWORD
24113,196.0,206.0,20/04/1949,DATE_OF_BIRTH
24113,230.0,239.0,02RX16796,PASS_NUMBER
24113,257.0,265.0,Shenouda,PERSON_NAME
24113,308.0,327.0,1958-09-28T00:00:00,DATE_OF_BIRTH
24113,351.0,360.0,17IZ92546,PASS_NUMBER
24113,378.0,383.0,Negic,PERSON_NAME
24113,426.0,437.0,November/68,DATE_OF_BIRTH
24514,54.0,62.0,L0771777,Passport Number
24514,317.0,326.0,407478304,Passport Number
24514,10.0,20.0,2006-01-02,DATE_OF_BIRTH
24514,10.0,29.0,2006-01-02T00:00:00,DATE_OF_BIRTH
279,99.0,118.0,1994hiraiwa@aol.com,EMAIL_ADDRESS
279,120.0,143.0,mhoulaih@protonmail.com,EMAIL_ADDRESS
279,145.0,164.0,nëntrimku@gmail.com,EMAIL_ADDRESS
279,99.0,110.0,1994hiraiwa,USERNAME
279,180.0,191.0,1994hiraiwa,USERNAME
279,193.0,205.0,mhoulaih1967,USERNAME
279,207.0,224.0,gulfidan.scarca35,USERNAME
2201,163.0,174.0,HAC@aol.com,EMAIL_ADDRESS
2201,180.0,192.0,034.847.6320,PHONE_NUMBER
2201,238.0,252.0,+7-90.058.9534,PHONE_NUMBER
2201,198.0,207.0,CV49210JA,CREDIT_CARD_NUMBER
2201,296.0,306.0,Altrincham,LOCATION
4341,358.0,369.0,devillers46,PERSON_NAME
4341,377.0,386.0,V68042821,US_SOCIAL_SECURITY_NUMBER
26679,51.0,61.0,gcxzqe0278,PERSON_NAME
26679,160.0,171.0,December/02,DATE_OF_BIRTH
26679,196.0,223.0,uugdvprxunkokl368@gmail.com,EMAIL_ADDRESS
26679,336.0,351.0,+1-229-275.8309,PHONE_NUMBER
19573,31.0,40.0,092560943,US_SOCIAL_SECURITY_NUMBER
16581,261.0,280.0,1934-08-03T00:00:00,DATE_OF_BIRTH
16581,306.0,317.0,48562423464,US_SOCIAL_SECURITY_NUMBER
16581,338.0,351.0,United States,COUNTRY
16581,373.0,376.0,285,LOCATION
16581,396.0,409.0,Frebis Avenue,STREET_ADDRESS
16581,427.0,450.0,Columbus Vassor Village,LOCATION
3378,134.0,143.0,226981873,US_SOCIAL_SECURITY_NUMBER
3378,189.0,202.0,+6195690 9911,PHONE_NUMBER
3378,264.0,273.0,625555064,US_SOCIAL_SECURITY_NUMBER
3378,318.0,332.0,+4.06 320.3967,PHONE_NUMBER
430,351.0,360.0,HQ42675VN,PERSON_NAME
5621,5.0,13.0,Söhnlein,PERSON_NAME
5621,226.0,240.0,+9.00 703-7503,PHONE_NUMBER
5621,470.0,486.0,+824-22.779 6718,PHONE_NUMBER
13094,288.0,307.0,VEER9 412232 VA 453,Driver's License Number
13094,391.0,392.0,J,Driver's License Number
7579,64.0,89.0,ebrima.pitfield@yahoo.com,EMAIL_ADDRESS
7579,117.0,132.0,EbrPit13E992WTF,US_SOCIAL_SECURITY_NUMBER
7579,192.0,222.0,14mia.bader-lisser@outlook.com,EMAIL_ADDRESS
7579,250.0,262.0,108030351723,US_SOCIAL_SECURITY_NUMBER
7579,319.0,335.0,HSR@tutanota.com,EMAIL_ADDRESS
7579,363.0,375.0,227-148-6661,PHONE_NUMBER
16178,114.0,133.0,1939-09-11T00:00:00,DATE_OF_BIRTH
16178,417.0,427.0,06/05/1985,DATE_OF_BIRTH
13756,193.0,203.0,03/11/1959,DATE_OF_BIRTH
13756,216.0,248.0,maria-luiza.riquelme98@gmail.com,EMAIL_ADDRESS
13756,272.0,291.0,MARIA-561039-ME-687,DRIVER'S LICENSE
13756,307.0,316.0,267145913,PASSPORT
13756,334.0,347.0,219.87.23.212,IP Address
13756,364.0,372.0,Riquelme,LAST NAME
13756,422.0,431.0,1954-08-2,DATE_OF_BIRTH
9971,395.0,406.0,08581 01280,PHONE_NUMBER
9971,370.0,379.0,KT39458LI,PERSON_NAME
22791,152.0,157.0,95018,LOCATION
22791,152.0,157.0,95018,POSTCODE
7375,457.0,464.0,Gianola,PERSON_NAME
2958,11.0,23.0,886 552 1826,PHONE_NUMBER
15759,232.0,242.0,07/10/1955,DATE_OF_BIRTH
15759,293.0,319.0,rakparmak1955@tutanota.com,EMAIL_ADDRESS
24137,198.0,215.0,Màrcia Anja-Maria,PERSON_NAME
24137,224.0,232.0,Mayoress,PERSON_NAME
24137,241.0,250.0,821887638,PHONE_NUMBER
24137,259.0,268.0,457051860,PHONE_NUMBER
24137,277.0,315.0,db97:7801:8d9f:da81:a92c:17f:8ce9:1894,LOCATION
24137,324.0,332.0,10:23 PM,DATE_OF_BIRTH
24137,357.0,371.0,15th June 1978,DATE_OF_BIRTH
16221,287.0,306.0,elena-bianca.palman,EMAIL_ADDRESS
16221,322.0,328.0,Abbess,PERSON_NAME
16007,34.0,45.0,bjyohp09763,PERSON_NAME
16007,58.0,73.0,NewPassword123!,CREDIT_CARD_NUMBER
16007,152.0,169.0,00595 82.137-9465,PHONE_NUMBER
16007,324.0,331.0,June/01,DATE_OF_BIRTH
15516,205.0,225.0,guy-michel.balkausky,PERSON_NAME
15516,229.0,238.0,649222469,PHONE_NUMBER
15516,242.0,251.0,906758711,PHONE_NUMBER
15516,255.0,264.0,251979385,PHONE_NUMBER
15516,268.0,284.0,010-728 898 8584,PHONE_NUMBER
24277,299.0,309.0,1939-03-19,DATE_OF_BIRTH
24277,320.0,334.0,+1-02.599-3000,PHONE_NUMBER
8310,58.0,68.0,2443212944,PHONE_NUMBER
8310,181.0,188.0,Puister,PERSON_NAME
8310,280.0,296.0,"Faghih, Mikovcic",PERSON_NAME
26946,58.0,67.0,290414633,PHONE_NUMBER
26946,306.0,318.0,E81PQ5158642,PERSON_NAME
26946,468.0,475.0,E86RN42,PERSON_NAME
12063,122.0,130.0,Matthess,PERSON_NAME
12063,235.0,246.0,K@gmail.com,EMAIL_ADDRESS
12063,269.0,281.0,277-065-2803,PHONE_NUMBER
12063,304.0,322.0,CHIDU-405300-9-924,US_SOCIAL_SECURITY_NUMBER
12063,345.0,359.0,United Kingdom,LOCATION
12063,382.0,385.0,212,LOCATION
2266,53.0,62.0,Jayashree,PERSON_NAME
2266,74.0,93.0,1987-05-24T00:00:00,DATE_OF_BIRTH
2266,115.0,120.0,D=5Sf,PASSWORD
3383,38.0,51.0,089-2656 4392,PHONE_NUMBER
3383,100.0,117.0,01654.94 972.3329,PHONE_NUMBER
3383,168.0,183.0,+0 870-796 3631,PHONE_NUMBER
3383,238.0,253.0,+61 95-616.7783,PHONE_NUMBER
3482,391.0,402.0,[Your Name],PERSON_NAME
3482,32.0,71.0,abb0:fda8:f47b:c0ea:1644:495e:14ab:b4b4,IP_ADDRESS
17333,162.0,167.0,Billy,PERSON_NAME
9687,161.0,176.0,+84.34-865.4681,PHONE_NUMBER
9687,315.0,328.0,+8175910-6594,PHONE_NUMBER
14926,336.0,351.0,16th March 1935,DATE_OF_BIRTH
14926,383.0,392.0,318178313,US_SOCIAL_SECURITY_NUMBER
18326,120.0,130.0,2624346824,ID CARD
18326,143.0,152.0,237185359,PASSPORT
18326,166.0,179.0,081.7429-6103,PHONE_NUMBER
18326,192.0,208.0,85amevi.barberio,USERNAME
18326,218.0,238.0,AAB67@protonmail.com,EMAIL_ADDRESS
18326,48.0,58.0,2028-01-05,DATE_OF_BIRTH
18326,19.0,30.0,Cass Street,LOCATION
10826,126.0,130.0,Vesa,PERSON_NAME
10826,170.0,177.0,Roberto,PERSON_NAME
10826,45.0,49.0,DE24,POSTCODE
10826,374.0,387.0,Great Britain,LOCATION
7228,310.0,322.0,lorimerico88,USERNAME
7228,345.0,361.0,HAIG9710097HL496,DRIVER_LICENSE
10004,19.0,29.0,26/05/1942,DATE_OF_BIRTH
10004,49.0,59.0,soukeina26,PERSON_NAME
10004,127.0,141.0,+43 51163 0501,PHONE_NUMBER
27368,32.0,46.0,81.151.109.231,IP Address
27368,92.0,101.0,843222636,Passport Number
27368,187.0,197.0,39744-3888,Postcode
27368,215.0,254.0,89e5:b5bc:fcab:52cf:2905:79ea:bc73:c1f5,IP Address
27368,311.0,320.0,291405872,Passport Number
27368,406.0,416.0,45162-9735,Postcode
27368,282.0,287.0,Smith,PERSON_NAME
8867,230.0,246.0,28yakima.intorre,PERSON_NAME
8867,253.0,263.0,11/11/2016,DATE_OF_BIRTH
8867,273.0,287.0,United Kingdom,LOCATION
24171,0.0,17.0,10th January 1988,DATE_OF_BIRTH
24171,21.0,40.0,KT9250@tutanota.com,EMAIL_ADDRESS
24171,43.0,56.0,TR1532GDR5P1O,CREDIT_CARD_NUMBER
24171,59.0,75.0,0030 94-682-9634,PHONE_NUMBER
24171,78.0,93.0,158.158.214.235,LOCATION
24171,96.0,108.0,Corina-Elena,PERSON_NAME
24171,140.0,157.0,"January 4th, 2030",DATE_OF_BIRTH
75528,31.0,39.0,Z1988404,CARTE_D_IDENTITE
75528,61.0,71.0,24/09/1950,DATE_OF_BIRTH
75528,138.0,142.0,1875,STREET_ADDRESS
75528,157.0,195.0,8a3d:675d:9a99:d22a:73f4:634:b9af:338e,LOCATION
86925,77.0,90.0,C@hotmail.com,EMAIL_ADDRESS
86925,125.0,142.0,29.30.11.54.J98.5,US_SOCIAL_SECURITY_NUMBER
86925,366.0,380.0,109.64.134.240,LOCATION
86925,306.0,311.0,50169,LOCATION
74253,167.0,173.0,mai/04,DATE_OF_BIRTH
74253,194.0,202.0,L4934855,US_SOCIAL_SECURITY_NUMBER
74253,228.0,245.0,+063 868 597 2750,PHONE_NUMBER
78591,32.0,48.0,756.1894.5162.53,US_SOCIAL_SECURITY_NUMBER
78591,81.0,93.0,499384848618,US_SOCIAL_SECURITY_NUMBER
78591,126.0,142.0,756.5981.5412.74,US_SOCIAL_SECURITY_NUMBER
78591,175.0,191.0,756.4690.9166.30,US_SOCIAL_SECURITY_NUMBER
78591,224.0,241.0,11-04-12-75-I17-3,US_SOCIAL_SECURITY_NUMBER
89046,105.0,124.0,1974-12-30T00:00:00,DATE_OF_BIRTH
89046,198.0,212.0,1974AJ@aol.com,EMAIL_ADDRESS
89046,245.0,256.0,KVHPF26ZAPQ,CREDIT_CARD_NUMBER
89046,283.0,291.0,5@1lNy9],PASSWORD
64295,167.0,189.0,Weder - Y1409509329609,PERSON_NAME
64295,230.0,254.0,Capozio - E0907938262377,PERSON_NAME
64295,297.0,320.0,Delfim - L0907896686954,PERSON_NAME
70484,45.0,55.0,17/12/1941,DATE_OF_BIRTH
70484,329.0,339.0,26/05/1947,DATE_OF_BIRTH
70484,102.0,107.0,40370,POSTCODE
70484,237.0,242.0,40370,POSTCODE
70484,386.0,391.0,40370,POSTCODE
75902,183.0,192.0,Lipperini,PERSON_NAME
75902,283.0,294.0,471-80-1244,US_SOCIAL_SECURITY_NUMBER
75902,318.0,330.0,643604861151,CARTE_D_IDENTITE
75902,342.0,355.0,United States,COUNTRY
75902,389.0,405.0,County Road 1106,STREET_ADDRESS
75902,418.0,424.0,Athens,LOCATION
75902,436.0,438.0,TX,STATE
58686,247.0,281.0,"442, Bartlett Dam Road, Scottsdale",STREET_ADDRESS
58686,192.0,206.0,+18803129220,PHONE_NUMBER
60621,17.0,26.0,1956ekres,US_SOCIAL_SECURITY_NUMBER
60621,51.0,65.0,Y1108564888599,CREDIT_CARD_NUMBER
63562,450.0,468.0,27e septembre 1984,DATE_OF_BIRTH
63562,477.0,483.0,France,LOCATION
71086,0.0,11.0,777579 8959,PHONE_NUMBER
71086,86.0,100.0,0024-337438164,PHONE_NUMBER
71086,172.0,185.0,+33.381388968,PHONE_NUMBER
71086,393.0,408.0,+90.09-349-5353,PHONE_NUMBER
61849,449.0,452.0,560,LOCATION
60001,187.0,207.0,0404C@protonmail.com,EMAIL_ADDRESS
60001,234.0,243.0,11LO89921,US_SOCIAL_SECURITY_NUMBER
60001,262.0,275.0,B@hotmail.com,EMAIL_ADDRESS
60001,302.0,311.0,GG3766226,US_SOCIAL_SECURITY_NUMBER
60001,330.0,363.0,2006sthefany.longbottom@yahoo.com,EMAIL_ADDRESS
60001,390.0,399.0,38VL94474,US_SOCIAL_SECURITY_NUMBER
60001,418.0,446.0,lxxczsesimqm755@tutanota.com,EMAIL_ADDRESS
60001,473.0,482.0,17QX55411,US_SOCIAL_SECURITY_NUMBER
87634,196.0,213.0,1987torkel.parbey,EMAIL_ADDRESS
87634,230.0,247.0,1987torkel.parbey,EMAIL_ADDRESS
87634,287.0,307.0,1 87 02 61973 290 01,US_SOCIAL_SECURITY_NUMBER
87634,150.0,156.0,Torkel,PERSON_NAME
87634,200.0,206.0,Torkel,PERSON_NAME
87634,234.0,240.0,Torkel,PERSON_NAME
72230,202.0,216.0,+3 76-293 6608,PHONE_NUMBER
88877,267.0,284.0,jtokuda@gmail.com,EMAIL_ADDRESS
88877,325.0,338.0,7568768229404,US_SOCIAL_SECURITY_NUMBER
88877,183.0,202.0,1993-09-19T00:00:00,DATE_OF_BIRTH
88877,231.0,241.0,joé.tokuda,PERSON_NAME
88877,267.0,274.0,joé.tokuda,PERSON_NAME
77100,14.0,22.0,H2066399,Patient ID
77100,40.0,50.0,Kugaseelan,Last Name
77100,341.0,349.0,H3870337,Patient ID
77100,367.0,373.0,Bulete,Last Name
77100,403.0,410.0,Diaceri,Additional Last Names
77100,412.0,421.0,Ankelmann,Additional Last Names
77100,250.0,260.0,15/04/1982,DATE_OF_BIRTH
76182,389.0,397.0,B5046998,PERSON_NAME
75816,161.0,169.0,R4021423,PERSON_NAME
75816,243.0,251.0,E0867763,PERSON_NAME
75816,331.0,339.0,S8425581,PERSON_NAME
75816,405.0,413.0,U8601756,PERSON_NAME
64846,30.0,44.0,T3007888149628,PASSPORT_NUMBER
64846,71.0,95.0,S8FRA49JU26704381224SHEM,DRIVING_LICENSE_NUMBER
64846,113.0,122.0,19TG12969,PASSPORT_NUMBER
64846,138.0,213.0,"370, Rue de Saint-Quentin, Valdallière Bernières-le-Patry, Normandie, 14410",STREET_ADDRESS
59433,202.0,210.0,djarar50,PERSON_NAME
59433,262.0,267.0,25470,LOCATION
71097,20.0,50.0,ztqcfsoryzml421@protonmail.com,EMAIL_ADDRESS
71097,90.0,110.0,1-75-01-77782-144-16,US_SOCIAL_SECURITY_NUMBER
71097,157.0,172.0,008.35-312.7788,PHONE_NUMBER
71097,289.0,295.0,Pujaut,LOCATION
71097,343.0,348.0,30131,POSTCODE
71097,371.0,386.0,Mobile Home 341,STREET_ADDRESS
74184,38.0,51.0,7566208781199,US_SOCIAL_SECURITY_NUMBER
74184,138.0,154.0,756-1459-2604-29,US_SOCIAL_SECURITY_NUMBER
74184,98.0,106.0,Vujkovic,PERSON_NAME
88408,2.0,25.0,romiro.elbaba@yahoo.com,EMAIL_ADDRESS
88408,52.0,62.0,8261946273,US_SOCIAL_SECURITY_NUMBER
88408,80.0,95.0,+36 11 471 9786,PHONE_NUMBER
88408,116.0,128.0,}PAxz/+F4CVl,CREDIT_CARD_NUMBER
72168,136.0,156.0,2 01 11 13621 247 75,US_SOCIAL_SECURITY_NUMBER
72168,437.0,452.0,204088856224584,US_SOCIAL_SECURITY_NUMBER
72168,82.0,104.0,oghysuvtarny561@aol.com,EMAIL_ADDRESS
72168,394.0,405.0,B@yahoo.com,EMAIL_ADDRESS
72168,10.0,14.0,Théa,PERSON_NAME
72168,328.0,333.0,Fjona,PERSON_NAME
83848,139.0,147.0,biocca07,PERSON_NAME
83848,180.0,196.0,756 7526 1099 00,US_SOCIAL_SECURITY_NUMBER
83848,219.0,227.0,M5892671,CARTE_D_IDENTITE
83848,252.0,262.0,3505550022,PERMIS_DE_CONDUITE
83848,278.0,286.0,V7611919,PASSPORT
83848,302.0,307.0,+41 2,PHONE_NUMBER
82960,210.0,237.0,06gowsikan.daudel@gmail.com,EMAIL_ADDRESS
82960,311.0,333.0,selszmy@protonmail.com,EMAIL_ADDRESS
82960,408.0,424.0,F27@tutanota.com,EMAIL_ADDRESS
69985,259.0,263.0,Iára,PERSON_NAME
69985,406.0,409.0,Iára,PERSON_NAME
69985,328.0,339.0,Marie-Fleur,PERSON_NAME
69985,406.0,411.0,Iradj,PERSON_NAME
77156,336.0,351.0,2003muzaferovic,PERSON_NAME
77156,374.0,382.0,W0391004,PASSPORT
76759,95.0,107.0,534-727-3167,PHONE_NUMBER
76759,110.0,119.0,535903996,PHONE_NUMBER
76759,122.0,138.0,"[46.81965, 6.67]",LOCATION
76759,453.0,469.0,"[46.81965, 6.67]",LOCATION
76759,427.0,438.0,203-49-1452,PHONE_NUMBER
76759,441.0,450.0,482083390,PHONE_NUMBER
89255,134.0,231.0,"544, Sankt Benediktweg, Einsiedeln, SZ, 8840, Castle 797, a765:8149:adb4:a3b4:ac4a:95fa:973c:4d42",LOCATION
89255,386.0,446.0,"822, Iffigenstrasse, Lenk, BE, 3775, Room 307, 158.79.34.237",LOCATION
79573,9.0,31.0,nguepnjo7@tutanota.com,EMAIL_ADDRESS
79573,198.0,208.0,18/04/2003,DATE_OF_BIRTH
66645,43.0,82.0,c46d:72f0:1f9c:9a7c:e268:d407:1d64:735c,LOCATION
66645,149.0,164.0,16 octobre 1943,DATE_OF_BIRTH
66645,204.0,219.0,"Femme, Comtesse",PERSON_NAME
66645,276.0,290.0,V0910433476382,US_SOCIAL_SECURITY_NUMBER
66645,331.0,346.0,142.139.108.129,LOCATION
83542,10.0,26.0,756.7934.1646.07,US_SOCIAL_SECURITY_NUMBER
83542,87.0,103.0,756.7934.1646.07,US_SOCIAL_SECURITY_NUMBER
83542,111.0,127.0,756.7934.1646.07,US_SOCIAL_SECURITY_NUMBER
83542,251.0,290.0,be52:425f:4adf:4260:4f5c:9f13:3719:1063,LOCATION
83542,335.0,374.0,be52:425f:4adf:4260:4f5c:9f13:3719:1063,LOCATION
83542,382.0,421.0,be52:425f:4adf:4260:4f5c:9f13:3719:1063,LOCATION
79844,305.0,315.0,07/06/2092,DATE_OF_BIRTH
79844,349.0,355.0,Wallis,LOCATION
76678,300.0,309.0,Lipperini,PERSON_NAME
76678,353.0,363.0,février/63,DATE_OF_BIRTH
76678,398.0,411.0,7569197807310,US_SOCIAL_SECURITY_NUMBER
76678,436.0,444.0,Y2115439,CREDIT_CARD_NUMBER
76678,471.0,481.0,4359336756,CREDIT_CARD_NUMBER
71508,269.0,284.0,15 juillet 1966,DATE_OF_BIRTH
71508,296.0,302.0,France,LOCATION
71508,367.0,373.0,France,LOCATION
71508,456.0,462.0,France,LOCATION
71508,317.0,380.0,"684, Boulevard Gagarine, Clichy-sous-Bois, Île-de-France, 93390",STREET_ADDRESS
71508,407.0,422.0,Mobile Home 692,STREET_ADDRESS
71508,464.0,474.0,06/12/1937,DATE_OF_BIRTH
71508,486.0,488.0,FR,LOCATION
84498,41.0,49.0,Wan-Chun,PERSON_NAME
84498,114.0,122.0,Wan-Chun,PERSON_NAME
84498,75.0,93.0,16e septembre 1994,DATE_OF_BIRTH
84498,112.0,133.0,16wan-chun.husejnagic,EMAIL_ADDRESS
84498,194.0,204.0,1462785555,PHONE_NUMBER
84498,222.0,237.0,+41-73-769-0310,PHONE_NUMBER
84498,256.0,269.0,238.167.1.233,LOCATION
84498,336.0,344.0,Héribert,PERSON_NAME
84498,368.0,373.0,Largo,PERSON_NAME
72744,184.0,199.0,294044292440901,US_SOCIAL_SECURITY_NUMBER
72744,472.0,479.0,2680154,US_SOCIAL_SECURITY_NUMBER
72744,115.0,117.0,FR,LOCATION
72744,274.0,276.0,FR,LOCATION
70804,345.0,365.0,2 84 11 87232 879 33,US_SOCIAL_SECURITY_NUMBER
70804,398.0,413.0,0090.13392 6901,PHONE_NUMBER
80725,94.0,132.0,klaus-peter.padonou-loko71@hotmail.com,EMAIL_ADDRESS
80725,308.0,332.0,boudghene11@tutanota.com,EMAIL_ADDRESS
69584,381.0,391.0,16/03/1945,DATE_OF_BIRTH
69584,425.0,434.0,486830375,US_SOCIAL_SECURITY_NUMBER
69584,458.0,461.0,AFK,CARTE_D_IDENTITE
69584,487.0,497.0,K776RAI7BD,PERMIS_DE_CONDUITE
86952,382.0,399.0,"janvier 10e, 1985",DATE_OF_BIRTH
86952,409.0,426.0,"1035, Switzerland",LOCATION
61386,381.0,419.0,6b32:cfb3:5009:eee9:a1f7:98b:ec98:9a9d,MAC_ADDRESS
68845,371.0,381.0,25/11/1944,DATE_OF_BIRTH
68845,430.0,439.0,73575520S,US_SOCIAL_SECURITY_NUMBER
68845,406.0,425.0,Mr. Kristofor Mvica,PERSON_NAME
79449,370.0,380.0,30/11/2004,DATE_OF_BIRTH
79449,305.0,313.0,Gmeinalp,PERSON_NAME
79449,413.0,429.0,dlkrwrqnprhmt268,IDENTIFIER
79449,450.0,462.0,35ZG@outlook,EMAIL_ADDRESS
61919,365.0,382.0,"novembre 28, 2002",DATE_OF_BIRTH
61919,406.0,411.0,17:05,TIME
61919,434.0,437.0,Apt,LOCATION
60132,44.0,58.0,V3009759477498,CREDIT_CARD_NUMBER
60132,85.0,115.0,V0-FRA-04KZ7403-7-450513-KOLYO,PERSON_NAME
60132,134.0,148.0,99.238.210.154,LOCATION
60132,227.0,231.0,45.8,LOCATION
60132,233.0,239.0,3.0045,LOCATION
60132,253.0,263.0,04/05/2020,DATE_OF_BIRTH
83695,273.0,296.0,vickilipperin@yahoo.com,EMAIL_ADDRESS
84905,29.0,37.0,G7383692,REQUIS
84905,42.0,58.0,756 3312 7053 56,PHONE_NUMBER
84905,60.0,62.0,CH,LOCATION
84905,64.0,67.0,806,LOCATION
84905,69.0,80.0,Rechenstett,LOCATION
84905,82.0,104.0,Erlenbach im Simmental,LOCATION
84905,116.0,123.0,Box 605,STREET_ADDRESS
84905,125.0,134.0,Merington,LOCATION
84905,177.0,183.0,España,LOCATION
84905,163.0,175.0,350284649212,CREDIT_CARD_NUMBER
84905,301.0,314.0,15e juin 1974,DATE_OF_BIRTH
81643,388.0,404.0,756.9148.2415.18,US_SOCIAL_SECURITY_NUMBER
81643,441.0,449.0,F4162191,PASSPORT
81643,208.0,218.0,23/08/2037,DATE_OF_BIRTH
74053,220.0,231.0,Mme. Dupont,PERSON_NAME
74053,220.0,231.0,Mme. Dupont,DATE_OF_BIRTH
74053,302.0,305.0,ROE,ID_CARD
74053,358.0,368.0,M. Lefevre,PERSON_NAME
74053,358.0,368.0,M. Lefevre,DATE_OF_BIRTH
66191,20.0,23.0,OKL,PERSON_NAME
66191,71.0,85.0,I2601807578643,PERSON_NAME
66191,130.0,144.0,R0212600951877,PERSON_NAME
66191,292.0,322.0,"Quai Commandant Méric, à 03:30",LOCATION
84514,239.0,259.0,22picciola@yahoo.com,EMAIL_ADDRESS
84514,273.0,281.0,N8698275,US_SOCIAL_SECURITY_NUMBER
84514,186.0,190.0,Noga,PERSON_NAME
84514,220.0,223.0,29e,DATE_OF_BIRTH
84514,225.0,229.0,2004,DATE_OF_BIRTH
74118,18.0,23.0,Niyaz,PERSON_NAME
74118,43.0,48.0,Amoah,PERSON_NAME
74118,289.0,294.0,Yupha,PERSON_NAME
74118,300.0,305.0,Julka,PERSON_NAME
71427,415.0,426.0,meseck1939@,EMAIL_ADDRESS
71427,304.0,311.0,août/39,DATE_OF_BIRTH
61220,340.0,353.0,R@hotmail.com,EMAIL_ADDRESS
60178,4.0,14.0,09/02/1992,DATE_OF_BIRTH
60178,54.0,66.0,187311882250,US_SOCIAL_SECURITY_NUMBER
60178,180.0,189.0,163026061,US_SOCIAL_SECURITY_NUMBER
60178,251.0,261.0,26/05/1995,DATE_OF_BIRTH
60178,301.0,321.0,2-95-05-94840-398-43,US_SOCIAL_SECURITY_NUMBER
81775,190.0,206.0,756.4290.4284.57,US_SOCIAL_SECURITY_NUMBER
81775,123.0,138.0,9 novembre 1982,DATE_OF_BIRTH
81775,238.0,246.0,R2620229,CREDIT_CARD_NUMBER
81775,261.0,268.0,Schweiz,LOCATION
81775,292.0,295.0,745,LOCATION
81775,309.0,319.0,Blasenberg,STREET_ADDRESS
81775,335.0,341.0,Muolen,LOCATION
81775,437.0,447.0,30/11/1990,DATE_OF_BIRTH
65496,40.0,48.0,Köktemir,PERSON_NAME
65496,70.0,78.0,Ekundayo,PERSON_NAME
65496,119.0,134.0,16 juillet 1970,DATE_OF_BIRTH
65496,159.0,179.0,2 70 07 47719 990 88,US_SOCIAL_SECURITY_NUMBER
65496,196.0,209.0,6678 238.8596,PHONE_NUMBER
65496,247.0,250.0,972,LOCATION
65496,269.0,287.0,Allée Stella Maris,STREET_ADDRESS
65496,304.0,315.0,La Rochelle,LOCATION
65496,333.0,351.0,Nouvelle-Aquitaine,LOCATION
65496,372.0,377.0,17000,LOCATION
65496,407.0,417.0,Studio 389,STREET_ADDRESS
65496,440.0,454.0,244.25.190.219,IP_ADDRESS
70243,207.0,226.0,lugecx521@gmail.com,EMAIL_ADDRESS
70243,264.0,279.0,260108710905403,US_SOCIAL_SECURITY_NUMBER
70243,156.0,174.0,eignonjokpph969928,PERSON_NAME
68800,21.0,30.0,W71X8151H,PASSPORT
68800,50.0,89.0,6a8a:3085:d3a2:9520:3c06:b463:7f99:7ae1,IP_ADDRESS
68800,96.0,106.0,27/05/1997,DATE_OF_BIRTH
68800,169.0,179.0,27/05/1997,DATE_OF_BIRTH
68800,130.0,142.0,Schwanenberg,PERSON_NAME
68800,194.0,203.0,N@aol.com,EMAIL_ADDRESS
68800,222.0,231.0,52NP48008,PASSPORT
68800,251.0,265.0,134.189.162.29,IP_ADDRESS
86210,0.0,12.0,0910.3875.19,PHONE_NUMBER
86210,62.0,78.0,756.8591.7305.39,PHONE_NUMBER
86210,125.0,138.0,7564082817935,PHONE_NUMBER
86210,323.0,327.0,3715,LOCATION
86210,367.0,377.0,04/11/1988,DATE_OF_BIRTH
78204,386.0,391.0,Ollon,LOCATION
78204,400.0,403.0,11h,DATE_OF_BIRTH
73293,5.0,20.0,28 juillet 1957,DATE_OF_BIRTH
73293,117.0,129.0,20 août 1944,DATE_OF_BIRTH
73293,55.0,63.0,T2920471,US_SOCIAL_SECURITY_NUMBER
59538,385.0,405.0,2 96 08 71851 645 88,US_SOCIAL_SECURITY_NUMBER
70792,338.0,350.0,095464370853,PHONE_NUMBER
67641,315.0,324.0,rowan1979,PERSON_NAME
67641,335.0,344.0,rowan1979,PERSON_NAME
67641,335.0,354.0,rowan1979@gmail.com,EMAIL_ADDRESS
67641,363.0,380.0,+331 430.782.4800,PHONE_NUMBER
67641,388.0,403.0,163.134.225.255,IP_ADDRESS
67641,413.0,415.0,FR,COUNTRY_CODE
79307,38.0,54.0,756.2295.2495.10,US_SOCIAL_SECURITY_NUMBER
79307,168.0,181.0,7566952076907,US_SOCIAL_SECURITY_NUMBER
79307,295.0,311.0,756-0099-3448-37,US_SOCIAL_SECURITY_NUMBER
67578,2.0,16.0,Cher M. Miggar,PERSON_NAME
67578,151.0,159.0,Turcijan,PERSON_NAME
67578,235.0,243.0,Turcijan,PERSON_NAME
67578,254.0,270.0,[O0210500592812],US_SOCIAL_SECURITY_NUMBER
67578,302.0,312.0,02/10/1950,DATE_OF_BIRTH
67578,343.0,363.0,2 50 10 85377 411 70,US_SOCIAL_SECURITY_NUMBER
67578,255.0,263.0,O0210500,CREDIT_CARD_NUMBER
67578,384.0,392.0,O0210500,CREDIT_CARD_NUMBER
66492,420.0,434.0,+3370.152-2022,PHONE_NUMBER
66131,226.0,239.0,MAC@yahoo.com,EMAIL_ADDRESS
66131,270.0,290.0,2.39.07.14583.829.54,US_SOCIAL_SECURITY_NUMBER
66131,305.0,344.0,f4e9:7f80:5cff:88d0:713f:851a:6025:5e9a,LOCATION
66131,195.0,207.0,1939massouda,PERSON_NAME
82485,69.0,92.0,sheelamma1955@gmail.com,EMAIL_ADDRESS
82485,124.0,140.0,756.6743.8629.91,US_SOCIAL_SECURITY_NUMBER
82485,288.0,317.0,jtneyzuxgmo66529@tutanota.com,EMAIL_ADDRESS
82485,349.0,365.0,756.9673.6162.80,US_SOCIAL_SECURITY_NUMBER
82547,30.0,53.0,Jupson Troncato Del Col,PERSON_NAME
82547,86.0,93.0,Gaziyev,PERSON_NAME
60230,377.0,392.0,3e juillet 1942,DATE_OF_BIRTH
60230,412.0,426.0,capuzzello1942,PERSON_NAME
60230,440.0,454.0,capuzzello1942,PERSON_NAME
60230,440.0,464.0,capuzzello1942@gmail.com,EMAIL_ADDRESS
60230,499.0,501.0,2-,US_SOCIAL_SECURITY_NUMBER
112313,344.0,346.0,BJ,PERSON_NAME
112313,362.0,373.0,Nicht-binär,GENDER
112313,377.0,387.0,Reisepassn,UNKNOWN
117253,349.0,373.0,mngnbd55521@tutanota.com,EMAIL_ADDRESS
117253,408.0,420.0,65240372K486,US_SOCIAL_SECURITY_NUMBER
92656,293.0,298.0,Assia,PERSON_NAME
92656,300.0,308.0,Jägerhof,LOCATION
92656,275.0,291.0,12. Oktober 2001,DATE_OF_BIRTH
95485,84.0,98.0,Gesundes Leben,LOCATION
95485,106.0,110.0,3:14,DATE_OF_BIRTH
117939,17.0,26.0,G20A8285J,CREDIT_CARD_NUMBER
117939,62.0,71.0,U35F1665R,CREDIT_CARD_NUMBER
117939,116.0,130.0,23. April 1983,DATE_OF_BIRTH
117939,164.0,175.0,Deutschland,LOCATION
108136,90.0,108.0,denizhan.tornabene,EMAIL_ADDRESS
108136,126.0,139.0,+49.898668350,PHONE_NUMBER
108136,90.0,98.0,denizhan,PERSON_NAME
108136,196.0,209.0,Teutschenthal,LOCATION
108136,161.0,186.0,Lange Lauchstädter Straße,STREET_ADDRESS
108136,243.0,248.0,06179,POSTCODE
108136,224.0,226.0,ST,LOCATION
103603,80.0,89.0,I79811504,IDCard
103603,122.0,136.0,+4973.350.6021,PHONE_NUMBER
103603,267.0,276.0,D02887395,IDCard
103603,309.0,327.0,01095.364.153-1117,PHONE_NUMBER
100556,279.0,281.0,DE,LOCATION
100556,39.0,45.0,Alhida,PERSON_NAME
109366,25.0,37.0,T9835BVCIFS2,DriverLicense
109366,77.0,93.0,+02 581.267 8869,PHONE_NUMBER
109366,178.0,184.0,Farnaz,PERSON_NAME
109366,219.0,226.0,Benalia,PERSON_NAME
100591,244.0,248.0,1973,DATE_OF_BIRTH
100591,118.0,127.0,1974kudla,PERSON_NAME
100591,61.0,68.0,1987R55,US_SOCIAL_SECURITY_NUMBER
102310,17.0,37.0,mahackhofe@yahoo.com,EMAIL_ADDRESS
102310,299.0,318.0,indra28@outlook.com,EMAIL_ADDRESS
116226,122.0,132.0,04/12/1966,DATE_OF_BIRTH
116226,145.0,171.0,E-zuldemi04@protonmail.com,EMAIL_ADDRESS
116226,173.0,190.0,41 04 12 66 D27 1,US_SOCIAL_SECURITY_NUMBER
116226,192.0,201.0,AU5212088,US_SOCIAL_SECURITY_NUMBER
116226,203.0,217.0,IP-70.171.90.5,LOCATION
106111,64.0,80.0,718.518 200-6968,PHONE_NUMBER
106111,190.0,205.0,yasmine@aol.com,EMAIL_ADDRESS
106111,279.0,295.0,0049943-427-6509,PHONE_NUMBER
97355,50.0,71.0,1946silke@outlook.com,EMAIL_ADDRESS
112056,254.0,267.0,annja.bajas28,EMAIL_ADDRESS
112056,269.0,282.0,annja.bajas28,EMAIL_ADDRESS
112056,269.0,294.0,annja.bajas28@hotmail.com,EMAIL_ADDRESS
112056,329.0,333.0,ZS20,PERSON_NAME
112056,335.0,353.0,1935ZS@hotmail.com,EMAIL_ADDRESS
112974,79.0,99.0,1997prabhjot.vanmeel,PERSON_NAME
112974,129.0,146.0,16 03 04 97 V55 4,US_SOCIAL_SECURITY_NUMBER
112974,246.0,263.0,07.28.03.93.K68.2,US_SOCIAL_SECURITY_NUMBER
112974,351.0,368.0,12-22-02-71-L68-5,US_SOCIAL_SECURITY_NUMBER
112974,196.0,216.0,xyunjouxwrhlmz115789,PERSON_NAME
112974,415.0,427.0,zbmklly03749,PERSON_NAME
117011,28.0,79.0,"Alte Siedlung, 117, Uslar, Niedersachsen, 37170, DE",STREET_ADDRESS
111016,243.0,253.0,2021-01-23,DATE_OF_BIRTH
114862,173.0,184.0,8.115.31.78,IP_ADDRESS
114862,274.0,285.0,86.56.53.40,IP_ADDRESS
111206,318.0,327.0,8. Januar,DATE_OF_BIRTH
111206,74.0,80.0,JG2004,US_SOCIAL_SECURITY_NUMBER
90067,360.0,367.0,E-Mails,EMAIL_ADDRESS
96707,248.0,260.0,33270448K381,US_SOCIAL_SECURITY_NUMBER
96707,307.0,318.0,59.55.14.98,IP_ADDRESS
96707,335.0,347.0,Kuganeswaran,PERSON_NAME
110495,275.0,287.0,23121104P450,US_SOCIAL_SECURITY_NUMBER
110495,289.0,298.0,ON3633067,US_SOCIAL_SECURITY_NUMBER
110495,300.0,315.0,V4 89 EN9C6RB 7,CREDIT_CARD_NUMBER
110495,320.0,322.0,w6,US_SOCIAL_SECURITY_NUMBER
107784,280.0,291.0,Deutschland,LOCATION
107784,456.0,461.0,23715,POSTCODE
103602,147.0,156.0,XS9483252,IDCard
103602,189.0,202.0,+2299315 9005,PHONE_NUMBER
103602,333.0,341.0,G8224655,IDCard
103602,374.0,391.0,+418.556 539.9227,PHONE_NUMBER
119091,47.0,66.0,2074-02-12T00:00:00,DATE_OF_BIRTH
118360,148.0,164.0,isaïe.merlotto20,USERNAME
118360,202.0,211.0,014486020,US_SOCIAL_SECURITY_NUMBER
118360,247.0,250.0,AMF,ID_CARD
118360,287.0,293.0,7MCET0,DRIVER_LICENSE
118360,408.0,418.0,Mauritsweg,STREET_ADDRESS
105064,24.0,29.0,52249,POSTLEITZAHL
105064,89.0,98.0,O96R0260F,REISEPASS
105064,114.0,125.0,Deutschland,LAND
105064,144.0,147.0,809,GEBÄUDE
105064,165.0,177.0,Keminksweide,STRASSE
105064,194.0,201.0,Bocholt,STADT
105064,223.0,225.0,NW,BUNDESLAND
105064,249.0,254.0,46399,POSTLEITZAHL
105064,389.0,395.0,France,LAND
105064,372.0,376.0,2:34,DATE
104373,67.0,77.0,Abdelhakim,PERSON_NAME
104373,106.0,112.0,Gortat,PERSON_NAME
104373,195.0,224.0,ifunanya.ndombasi@outlook.com,EMAIL_ADDRESS
104373,257.0,267.0,4207629807,US_SOCIAL_SECURITY_NUMBER
104373,294.0,303.0,UD24826YH,ID_CARD
115520,37.0,49.0,27030455C905,US_SOCIAL_SECURITY_NUMBER
115520,136.0,145.0,576049303,US_SOCIAL_SECURITY_NUMBER
115520,224.0,236.0,11090380H078,US_SOCIAL_SECURITY_NUMBER
115520,323.0,335.0,57180497D837,US_SOCIAL_SECURITY_NUMBER
115520,419.0,430.0,930-36-8894,PHONE_NUMBER
106488,99.0,109.0,20/07/1935,DATE_OF_BIRTH
106488,133.0,142.0,M21751134,US_SOCIAL_SECURITY_NUMBER
106488,204.0,218.0,02 01 64 73 26,PHONE_NUMBER
102026,20.0,30.0,16/12/1964,DATE_OF_BIRTH
102026,47.0,58.0,karypidis98,PERSON_NAME
102026,90.0,102.0,063375582186,US_SOCIAL_SECURITY_NUMBER
102026,124.0,133.0,J2707478L,PERSON_NAME
102026,149.0,158.0,ORA411599,PERSON_NAME
102026,173.0,184.0,O2je\AO-oe0,PASSWORD
104445,140.0,155.0,+49 38 910 9678,PHONE_NUMBER
104445,408.0,416.0,Emiliana,PERSON_NAME
104445,444.0,456.0,020.654.6183,PHONE_NUMBER
95659,311.0,337.0,madridgorzanelli@yahoo.com,EMAIL_ADDRESS
95659,389.0,405.0,+49-145-677 8355,PHONE_NUMBER
113037,51.0,70.0,RV2000@tutanota.com,EMAIL_ADDRESS
104539,39.0,54.0,FSM@hotmail.com,EMAIL_ADDRESS
104539,80.0,97.0,17-26-12-62-M52-3,US_SOCIAL_SECURITY_NUMBER
104539,349.0,374.0,62syanguas@protonmail.com,EMAIL_ADDRESS
104539,400.0,412.0,41020685L669,US_SOCIAL_SECURITY_NUMBER
92717,21.0,34.0,amemgvwyvw046,PERSON_NAME
92717,50.0,63.0,amemgvwyvw046,PERSON_NAME
92717,50.0,78.0,amemgvwyvw046@protonmail.com,EMAIL_ADDRESS
92717,101.0,110.0,QC3692493,US_SOCIAL_SECURITY_NUMBER
92717,129.0,138.0,X24M7931P,REISEPASS
92717,158.0,197.0,9130:b2e0:349f:3139:1009:f025:7a62:8d46,LOCATION
92717,284.0,293.0,adélaide8,PERSON_NAME
92717,309.0,324.0,A19@outlook.com,EMAIL_ADDRESS
92717,343.0,352.0,B63P8268B,REISEPASS
118446,110.0,143.0,iitywkkkeovtdzn186857@hotmail.com,EMAIL_ADDRESS
118446,181.0,198.0,56-23-07-35-B64-0,US_SOCIAL_SECURITY_NUMBER
118446,336.0,364.0,raytcxeoe4748@protonmail.com,EMAIL_ADDRESS
118291,131.0,144.0,+0674584 3075,PHONE_NUMBER
118291,217.0,232.0,+0-251 757 4329,PHONE_NUMBER
118291,100.0,112.0,75 TR914Z3 1,US_SOCIAL_SECURITY_NUMBER
108847,126.0,135.0,I88P2989D,CREDIT_CARD_NUMBER
108847,245.0,254.0,U54W6303K,CREDIT_CARD_NUMBER
108847,365.0,374.0,S49C8066G,CREDIT_CARD_NUMBER
97882,196.0,210.0,+16-48844.3561,PHONE_NUMBER
97882,215.0,228.0,83.135.89.148,LOCATION
97882,197.0,199.0,16,DATE_OF_BIRTH
97882,233.0,235.0,16,DATE_OF_BIRTH
116369,345.0,348.0,18R,USER_NAME
116369,366.0,378.0,Y464NE5V92A0,DRIVER_LICENSE_NUMBER
116369,326.0,327.0,W,GENDER
105358,88.0,97.0,JD5612610,Ausweisnummer
96069,179.0,193.0,MG@outlook.com,EMAIL_ADDRESS
96069,227.0,244.0,88-19-01-78-M35-6,US_SOCIAL_SECURITY_NUMBER
103934,281.0,297.0,09M@tutanota.com,EMAIL_ADDRESS
103934,315.0,332.0,27-09-07-82-M34-9,US_SOCIAL_SECURITY_NUMBER
103934,352.0,354.0,DE,LOCATION
103934,376.0,379.0,344,LOCATION
103934,403.0,412.0,Birkenweg,STREET_ADDRESS
103934,438.0,447.0,Dinslaken,LOCATION
104717,78.0,94.0,E@protonmail.com,EMAIL_ADDRESS
104717,20.0,29.0,S36F7087J,REISEPASS
104717,111.0,120.0,D30J5446S,REISEPASS
107988,26.0,37.0,K@yahoo.com,EMAIL_ADDRESS
107988,181.0,192.0,Emlyne Kößl,PERSON_NAME
107988,251.0,262.0,"51.95, 11.0",LOCATION
107988,285.0,296.0,97.64.83.77,IP_ADDRESS
103444,135.0,154.0,PAS1959@hotmail.com,EMAIL_ADDRESS
103444,106.0,119.0,"Mai 26., 1959",DATE_OF_BIRTH
103444,210.0,219.0,L21Y9280A,REISEPASS
103444,359.0,364.0,21217,POSTLEITZAHLE
103444,335.0,337.0,NI,BUNDESLAND
106579,374.0,384.0,05/11/2061,DATE_OF_BIRTH
104190,34.0,44.0,Februar/41,DATE_OF_BIRTH
104190,130.0,139.0,L20S3847S,REISEPASS
104190,157.0,196.0,f065:6eaf:baa6:85fa:8a4c:1694:c986:a410,IP_ADDRESS
104190,341.0,356.0,C2.15.DTIX7GQ.1,FÜHRERSCHEIN
104190,373.0,382.0,R98W7623N,REISEPASS
104190,400.0,439.0,dbf1:3255:77b4:701a:7fcb:5c15:5198:5b44,IP_ADDRESS
104190,280.0,284.0,1991,DATE_OF_BIRTH
104190,304.0,308.0,1991,DATE_OF_BIRTH
105799,105.0,119.0,C@tutanota.com,EMAIL_ADDRESS
105799,188.0,200.0,42050903C645,US_SOCIAL_SECURITY_NUMBER
105799,245.0,261.0,+499-31-997-6658,PHONE_NUMBER
91711,306.0,316.0,22/03/1968,DATE_OF_BIRTH
91711,320.0,326.0,ingunn,PERSON_NAME
91711,330.0,347.0,0148-146.597 7207,PHONE_NUMBER
91711,351.0,361.0,Frankreich,LOCATION
91711,365.0,368.0,647,NUMBER
91711,372.0,389.0,Chemin du Fresnot,STREET_ADDRESS
91711,393.0,413.0,Bretteville-sur-Odon,LOCATION
91711,417.0,420.0,NOR,CODE
92329,28.0,45.0,37-18-07-91-L24-0,US_SOCIAL_SECURITY_NUMBER
92329,246.0,258.0,348 843 4636,PHONE_NUMBER
102425,395.0,409.0,0049.43-835 69,PHONE_NUMBER
102425,341.0,353.0,20010197M664,US_SOCIAL_SECURITY_NUMBER
92746,135.0,151.0,"August 15., 1935",DATE_OF_BIRTH
92746,183.0,205.0,jerémy1935@outlook.com,EMAIL_ADDRESS
102761,165.0,177.0,44010439M681,PERSON_NAME
102761,201.0,213.0,44010439M681,PERSON_NAME
102761,252.0,262.0,15/06/2006,DATE_OF_BIRTH
102761,287.0,289.0,NI,LOCATION
93622,152.0,155.0,343,CERTIFICATION_NUMBER
93622,180.0,191.0,Deutschland,LOCATION
93622,215.0,234.0,"September 13., 2052",DATE_OF_BIRTH
93622,252.0,267.0,Vater Hildebert,PERSON_NAME
93622,283.0,293.0,07/12/1969,DATE_OF_BIRTH
93622,307.0,308.0,M,GENDER
93622,312.0,313.0,M,GENDER
93622,310.0,324.0,Email-Adresse,EMAIL_ADDRESS
94334,344.0,357.0,O5-51-756G5NH,DRIVER_LICENSE_NUMBER
94334,296.0,304.0,Weiblich,GENDER
94334,319.0,322.0,Erb,TITLE
100186,98.0,112.0,+8.66.275-5194,PHONE_NUMBER
100186,134.0,149.0,2. Februar 2081,DATE_OF_BIRTH
98404,84.0,87.0,Sen,PERSON_NAME
98404,108.0,109.0,A,PERSON_NAME
98404,402.0,403.0,A,PERSON_NAME
98404,133.0,142.0,T30229447,US_SOCIAL_SECURITY_NUMBER
98404,163.0,178.0,R4 45 W0SMWBR 9,PHONE_NUMBER
98404,196.0,205.0,Z79O7140U,PASSORT
98404,221.0,235.0,+49.99924-2853,PHONE_NUMBER
98404,248.0,250.0,DE,LOCATION
98404,266.0,269.0,925,LOCATION
98404,284.0,303.0,Königsberger Straße,STREET_ADDRESS
98404,317.0,330.0,Gelsenkirchen,LOCATION
98404,349.0,368.0,Nordrhein-Westfalen,LOCATION
98404,389.0,394.0,45881,POSTCODE
98404,413.0,450.0,3141:704:eafe:1ebc:9cbb:1d9a:fc6:73ea,IP_ADDRESS
105389,407.0,424.0,+097 211 553 4154,PHONE_NUMBER
105389,383.0,392.0,M53187197,US_SOCIAL_SECURITY_NUMBER
105389,442.0,454.0,71.48.164.29,LOCATION
118000,7.0,11.0,1977,DATE_OF_BIRTH
118000,30.0,34.0,1982,DATE_OF_BIRTH
118000,258.0,262.0,1982,DATE_OF_BIRTH
118000,111.0,115.0,1994,DATE_OF_BIRTH
118000,176.0,180.0,1938,DATE_OF_BIRTH
118000,243.0,247.0,1938,DATE_OF_BIRTH
118000,258.0,261.0,1938,DATE_OF_BIRTH
118000,243.0,247.0,1968,DATE_OF_BIRTH
118000,258.0,261.0,1968,DATE_OF_BIRTH
118000,258.0,262.0,1985,DATE_OF_BIRTH
90293,120.0,139.0,MB1955@tutanota.com,EMAIL_ADDRESS
90293,172.0,188.0,756.8319.4907.37,US_SOCIAL_SECURITY_NUMBER
90293,211.0,219.0,B5832755,DRIVING_LICENSE
90293,239.0,249.0,6608781952,DRIVING_LICENSE
90293,266.0,274.0,Z6336274,PASSPORT
90293,292.0,331.0,e19a:a1bc:2e2b:1ab5:13d1:313d:6218:d7a9,IP_ADDRESS
92015,125.0,140.0,11time.krumbach,PERSON_NAME
92015,210.0,219.0,R84799581,PERSON_NAME
92015,157.0,172.0,Z8.50.X3XIEFQ.7,FÜHRSCHREINSVERLÄUFER
92015,290.0,302.0,T730IVGRV8W2,FÜHRSCHREINSVERLÄUFER
92015,187.0,200.0,138.248.247.5,IP_ADDRESS
92015,317.0,355.0,3563:fcd2:9e53:135e:8aa1:bbd:9cae:d448,IP_ADDRESS
99122,61.0,73.0,CN-3524-7890,CERTIFICATE_NUMBER
99122,410.0,421.0,Quellstraße,STREET_ADDRESS
99122,131.0,141.0,11/08/1975,DATE_OF_BIRTH
115510,120.0,134.0,12.167.151.158,IP_ADDRESS
115510,185.0,190.0,Aiden,PERSON_NAME
115510,239.0,249.0,25/02/1963,DATE_OF_BIRTH
100670,242.0,261.0,"M, esau.gollopeni35",EMAIL_ADDRESS
100670,288.0,303.0,0025 02069 9499,PHONE_NUMBER
100670,364.0,381.0,"4h März 28., 2010",DATE_OF_BIRTH
100670,104.0,173.0,"Pfaffenwaldring 983, 70569 Stuttgart Vaihingen, Baden-Württemberg, DE",STREET_ADDRESS
101628,111.0,120.0,TS5030119,EMPLOYEE_ID
101628,155.0,167.0,06-6209.3664,PHONE_NUMBER
101628,397.0,406.0,EV9300105,EMPLOYEE_ID
101628,441.0,457.0,+490.48-268.3336,PHONE_NUMBER
119168,495.0,498.0,988,US_SOCIAL_SECURITY_NUMBER
100166,125.0,152.0,jackschath1976@tutanota.com,EMAIL_ADDRESS
100166,185.0,197.0,07130376J866,US_SOCIAL_SECURITY_NUMBER
100166,225.0,234.0,D33Q1228P,passport
100166,257.0,273.0,0187 45 365.5910,PHONE_NUMBER
100166,350.0,367.0,N1951@hotmail.com,EMAIL_ADDRESS
100166,400.0,417.0,26.16.09.51.N77.8,US_SOCIAL_SECURITY_NUMBER
98913,301.0,318.0,36.18.03.60.N74.0,US_SOCIAL_SECURITY_NUMBER
98913,336.0,352.0,0149727 382 5564,PHONE_NUMBER
116367,77.0,91.0,+49-59639-4515,PHONE_NUMBER
116367,213.0,230.0,97-13-03-87-F42-7,US_SOCIAL_SECURITY_NUMBER
116367,329.0,342.0,+6543741-0536,PHONE_NUMBER
116367,146.0,156.0,13/03/1987,DATE_OF_BIRTH
116367,167.0,183.0,fill38@yahoo.com,EMAIL_ADDRESS
116367,397.0,409.0,20. Mai 1944,DATE_OF_BIRTH
116367,420.0,428.0,joselle.,PERSON_NAME
104204,32.0,44.0,034.908-8474,PHONE_NUMBER
104204,208.0,221.0,+49-798683688,PHONE_NUMBER
104204,106.0,114.0,Selfkant,LOCATION
104204,283.0,290.0,Dresden,LOCATION
104204,148.0,153.0,52538,POSTAL_CODE
104204,329.0,334.0,01159,POSTAL_CODE
90218,48.0,58.0,29/03/2003,DATE_OF_BIRTH
90218,66.0,74.0,Selfkant,LOCATION
90218,142.0,175.0,egjhvdbqtzjkble021106@outlook.com,EMAIL_ADDRESS
90218,197.0,212.0,H2.34.CWR178S.6,PHONE_NUMBER
90218,246.0,266.0,kibrerde@outlook.com,EMAIL_ADDRESS
90218,288.0,300.0,N372WJ3NKH50,PHONE_NUMBER
112427,377.0,381.0,6:33,DATE_OF_BIRTH
112427,183.0,203.0,Mangala Bogdan-Mihai,PERSON_NAME
102715,19.0,45.0,"Laar, Niedersachsen, 49824",LOCATION
102715,364.0,367.0,176,INTEGER
102715,369.0,379.0,31/05/2054,DATE_OF_BIRTH
102715,40.0,45.0,49824,ZIP_CODE
102348,44.0,57.0,0767-12981596,PHONE_NUMBER
102348,336.0,348.0,016-653.0930,PHONE_NUMBER
102348,175.0,191.0,+96-723 137 2747,PHONE_NUMBER
127686,42.0,56.0,T@tutanota.com,EMAIL_ADDRESS
127686,250.0,279.0,huejbbknxildg2707@hotmail.com,EMAIL_ADDRESS
127686,213.0,219.0,Tuncay,PERSON_NAME
127686,77.0,87.0,VTO239814T,CREDIT_CARD_NUMBER
127686,109.0,118.0,KU2449837,CREDIT_CARD_NUMBER
127686,141.0,152.0,002-0094840,PHONE_NUMBER
134473,32.0,48.0,756.9157.0663.45,US_SOCIAL_SECURITY_NUMBER
134473,133.0,149.0,756.4879.1728.83,US_SOCIAL_SECURITY_NUMBER
134473,234.0,250.0,756.2086.5687.80,US_SOCIAL_SECURITY_NUMBER
134473,329.0,345.0,756.7357.6325.48,US_SOCIAL_SECURITY_NUMBER
126715,23.0,32.0,Lipperini,PERSON_NAME
126715,210.0,215.0,Druga,PERSON_NAME
138017,167.0,186.0,1978-11-13T00:00:00,DATE_OF_BIRTH
138017,293.0,302.0,maggio/43,DATE
128854,305.0,326.0,Cym Mal 28 N 39 7 DFM,US_SOCIAL_SECURITY_NUMBER
128854,65.0,73.0,Augliera,PERSON_NAME
128854,183.0,189.0,Baltag,PERSON_NAME
128854,213.0,218.0,Ngöna,PERSON_NAME
128854,242.0,249.0,Minotti,PERSON_NAME
135358,21.0,37.0,756.6231.8763.54,PHONE_NUMBER
135358,278.0,294.0,756-5374-6806-83,PHONE_NUMBER
135358,89.0,93.0,1712,LOCATION
135358,176.0,180.0,8217,LOCATION
135358,336.0,340.0,3210,LOCATION
138795,79.0,84.0,Adwoa,PERSON_NAME
138795,186.0,191.0,Adwoa,PERSON_NAME
138795,106.0,113.0,Warshin,PERSON_NAME
138795,130.0,149.0,Gschwender Balastèr,PERSON_NAME
138795,182.0,200.0,1970adwoa.balastèr,USERNAME
138795,225.0,234.0,BIJB9XTMN,PHONE_NUMBER
138795,273.0,289.0,0131-03.912.1398,PHONE_NUMBER
138795,304.0,313.0,Nederland,LOCATION
138795,332.0,347.0,"Chaamseweg, 633",STREET_ADDRESS
138795,361.0,386.0,Ulvenhout AC Ulvenhout AC,LOCATION
138795,427.0,431.0,4858,CAP
138795,460.0,469.0,House 210,STREET_ADDRESS
138795,490.0,502.0,5.248.14.185,LOCATION
144797,0.0,16.0,er76@outlook.com,EMAIL_ADDRESS
144797,142.0,186.0,"Dwarsdijk a Tienhoven, UT, 3612 AP, Svizzera",STREET_ADDRESS
144797,228.0,237.0,Co-op 174,STREET_ADDRESS
122488,222.0,237.0,Dante Alighieri,PERSON_NAME
122488,447.0,457.0,10/10/2047,DATE_OF_BIRTH
122488,466.0,471.0,11:57,TIME
122488,422.0,437.0,Strada Ortenese,LOCATION
132383,115.0,127.0,SS@gmail.com,EMAIL_ADDRESS
132383,147.0,186.0,9362:abb0:d647:d940:65ac:10dc:c8d1:70e4,LOCATION
132383,218.0,239.0,màmazzatort@yahoo.com,EMAIL_ADDRESS
132383,259.0,298.0,3774:88c1:4725:5ea1:6040:c25b:6313:fcaa,LOCATION
132383,397.0,401.0,rmql,EMAIL_ADDRESS
123798,150.0,164.0,1fei.atsegwasi,PERSON_NAME
123798,176.0,186.0,1471210175,PHONE_NUMBER
123798,291.0,310.0,1956-05-27T00:00:00,DATE_OF_BIRTH
123798,337.0,347.0,0448812109,PHONE_NUMBER
126508,204.0,225.0,Dho-Amo-10-G-36-9-XQV,US_SOCIAL_SECURITY_NUMBER
126508,248.0,257.0,SY3925741,PASSPORT
127648,125.0,159.0,ossama.prediger1990@protonmail.com,EMAIL_ADDRESS
127648,202.0,223.0,Oss Pre 28 I 45 2 UQQ,US_SOCIAL_SECURITY_NUMBER
127648,249.0,258.0,RL4544599,CREDIT_CARD_NUMBER
127648,420.0,426.0,Verona,LOCATION
127648,444.0,460.0,"ottobre 8º, 1985",DATE_OF_BIRTH
121701,32.0,46.0,+95.11765 0886,PHONE_NUMBER
121701,75.0,90.0,+89.72.504.1147,PHONE_NUMBER
121701,119.0,135.0,+39.192-386.7984,PHONE_NUMBER
121701,245.0,260.0,+39405.524-8800,PHONE_NUMBER
121701,289.0,304.0,+84-45 256-9075,PHONE_NUMBER
121701,333.0,346.0,+39-567780489,PHONE_NUMBER
121701,375.0,390.0,+5-139 907.6813,PHONE_NUMBER
121701,418.0,428.0,13/07/2041,DATE_OF_BIRTH
135248,10.0,47.0,500d:8727:3dfe:ec36:2955:3715:177:fe3,IP_ADDRESS
135248,60.0,68.0,M0323155,STUDENT_ID
135248,79.0,87.0,P8111323,PASSPORT_NUMBER
140985,68.0,80.0,06 3756 7920,PHONE_NUMBER
140985,172.0,180.0,K5152012,PASSOPORTO
140985,223.0,239.0,0121 81-289 4850,PHONE_NUMBER
140985,331.0,339.0,Y5900772,PASSOPORTO
140985,382.0,396.0,+21 85119 6274,PHONE_NUMBER
140985,488.0,496.0,N8899086,PASSOPORTO
120991,45.0,59.0,ER@hotmail.com,EMAIL_ADDRESS
120991,220.0,234.0,ER@hotmail.com,EMAIL_ADDRESS
120991,213.0,234.0,82blondin@hotmail.com,EMAIL_ADDRESS
120991,378.0,392.0,SA1945@aol.com,EMAIL_ADDRESS
137228,20.0,32.0,08780-725880,PHONE_NUMBER
137228,201.0,217.0,756.3231.7407.23,PHONE_NUMBER
137228,236.0,249.0,+41-576046532,PHONE_NUMBER
137228,403.0,419.0,756.8111.3261.92,PHONE_NUMBER
137402,200.0,210.0,7119699237,US_SOCIAL_SECURITY_NUMBER
137402,220.0,222.0,CH,COUNTRY_CODE
137402,236.0,278.0,"522, Les Bans, La Brévine, Neuenburg, 2406",STREET_ADDRESS
137402,303.0,310.0,Dorm 87,STREET_ADDRESS
137402,335.0,345.0,3272395519,US_SOCIAL_SECURITY_NUMBER
137402,355.0,362.0,Schweiz,COUNTRY_CODE
137402,376.0,382.0,"65, Ob",STREET_ADDRESS
131290,44.0,57.0,A27@gmail.com,EMAIL_ADDRESS
131290,111.0,129.0,nkzipwcd61@aol.com,EMAIL_ADDRESS
131290,183.0,200.0,lorin46@yahoo.com,EMAIL_ADDRESS
131290,252.0,269.0,06VPH@outlook.com,EMAIL_ADDRESS
131290,337.0,354.0,06VPH@outlook.com,EMAIL_ADDRESS
131290,323.0,354.0,1971slavko.heydrich@outlook.com,EMAIL_ADDRESS
145511,406.0,427.0,cindgkfyozhtnua8171@g,EMAIL_ADDRESS
145511,370.0,375.0,Darsh,PERSON_NAME
139765,194.0,203.0,Petribach,LOCATION
136548,313.0,330.0,GB06@tutanota.com,EMAIL_ADDRESS
136548,347.0,361.0,+0.42.690.2463,PHONE_NUMBER
136548,409.0,418.0,Wissenegg,LOCATION
136548,435.0,452.0,12º novembre 1977,DATE_OF_BIRTH
147557,380.0,400.0,Dr. Giovanni Ferrari,PERSON_NAME
147557,401.0,421.0,Università di Zurigo,LOCATION
129818,142.0,160.0,Ergün Krarti Iulio,PERSON_NAME
129818,183.0,193.0,02/12/1948,DATE_OF_BIRTH
129818,217.0,238.0,She.Erg.02.A.71.7.BWV,US_SOCIAL_SECURITY_NUMBER
129818,258.0,267.0,TI7676587,Passport
129818,288.0,303.0,+38.01 533 8811,PHONE_NUMBER
129818,423.0,434.0,Montesegale,LOCATION
129818,452.0,461.0,Lombardia,LOCATION
129818,482.0,487.0,27052,POSTCODE
122152,232.0,247.0,P1978@gmail.com,EMAIL_ADDRESS
122152,376.0,391.0,P1978@gmail.com,EMAIL_ADDRESS
122152,273.0,275.0,MX,US_SOCIAL_SECURITY_NUMBER
122152,290.0,312.0,mpjjfsmplkki67@aol.com,EMAIL_ADDRESS
122152,338.0,347.0,HD4760001,US_SOCIAL_SECURITY_NUMBER
122152,362.0,391.0,eliisa.rabbiosi1951@gmail.com,EMAIL_ADDRESS
129249,126.0,131.0,04:41,DATE_OF_BIRTH
123189,32.0,43.0,H@gmail.com,EMAIL_ADDRESS
123189,55.0,65.0,3004404306,PHONE_NUMBER
123189,116.0,133.0,26º dicembre 2019,DATE_OF_BIRTH
134708,211.0,240.0,supporto@educazioneonline.com,EMAIL_ADDRESS
134708,0.0,11.0,61.92.7.176,LOCATION
133365,158.0,179.0,Men-Kin-12-N-20-3-CTG,US_SOCIAL_SECURITY_NUMBER
133365,114.0,124.0,12/12/1996,DATE_OF_BIRTH
133365,362.0,367.0,35028,POSTCODE
133365,284.0,293.0,Via Ramei,STREET_ADDRESS
133365,309.0,323.0,Piove di Sacco,LOCATION
133365,340.0,342.0,34,STATE
125024,55.0,72.0,09J77@hotmail.com,EMAIL_ADDRESS
125024,117.0,127.0,VXX512240H,PERSON_NAME
125024,158.0,167.0,SL9192167,PERSON_NAME
125024,302.0,323.0,almasino@tutanota.com,EMAIL_ADDRESS
125024,368.0,378.0,CCN624164N,PERSON_NAME
125024,409.0,418.0,RA8965372,PERSON_NAME
125024,272.0,293.0,13/11/1981 alle 04:11,DATE_OF_BIRTH
141486,182.0,192.0,11/08/1982,DATE_OF_BIRTH
141486,285.0,295.0,11/08/1982,DATE_OF_BIRTH
141486,196.0,218.0,YJP2123@protonmail.com,EMAIL_ADDRESS
141486,222.0,231.0,Jasarevic,PERSON_NAME
141486,235.0,250.0,"marzo 19º, 1965",DATE_OF_BIRTH
141486,254.0,270.0,93A@tutanota.com,EMAIL_ADDRESS
141486,274.0,281.0,Elalamy,PERSON_NAME
141486,285.0,295.0,14/08/1974,DATE_OF_BIRTH
141486,299.0,330.0,stéfano.mangal17@protonmail.com,EMAIL_ADDRESS
131788,85.0,103.0,IVENNAME1_A Nesiha,PERSON_NAME
131788,354.0,369.0,IVENNAME1_A Nesiha,PERSON_NAME
131788,354.0,377.0,IVENNAME1_B Shangeethan,PERSON_NAME
131788,105.0,130.0,ITALY_IDCARD_A COJ044915S,CREDIT_CARD_NUMBER
131788,379.0,404.0,ITALY_IDCARD_B ELV576796O,CREDIT_CARD_NUMBER
131788,132.0,158.0,ITALY_PASSPORT_A VH2096637,CREDIT_CARD_NUMBER
131788,406.0,425.0,ITALY_PASSPORT_B SK,CREDIT_CARD_NUMBER
131788,105.0,110.0,ITALY,LOCATION
131788,132.0,137.0,ITALY,LOCATION
131788,379.0,384.0,ITALY,LOCATION
131788,406.0,411.0,ITALY,LOCATION
131788,206.0,215.0,Etroubles,LOCATION
131788,225.0,227.0,23,LOCATION
131788,240.0,245.0,11014,LOCATION
135583,77.0,93.0,36abdeslam.kunas,PERSON_NAME
135583,54.0,58.0,1990,DATE_OF_BIRTH
142740,119.0,141.0,bahrfotko@tutanota.com,EMAIL_ADDRESS
142740,167.0,175.0,Z7367481,CREDIT_CARD_NUMBER
142740,190.0,198.0,Z8502384,CREDIT_CARD_NUMBER
142740,211.0,227.0,0041-82-399 1438,PHONE_NUMBER
142740,411.0,416.0,16:46,DATE_OF_BIRTH
142740,467.0,483.0,"giugno 12º, 1960",DATE_OF_BIRTH
142740,365.0,370.0,Erazo,PERSON_NAME
142740,383.0,388.0,Fotko,PERSON_NAME
142043,358.0,371.0,AHA@gmail.com,EMAIL_ADDRESS
142043,327.0,345.0,"settembre 3º, 1969",DATE_OF_BIRTH
142043,395.0,405.0,6847537560,PHONE_NUMBER
131605,150.0,169.0,deroeck@hotmail.com,EMAIL_ADDRESS
131605,172.0,182.0,MXK702755C,CREDIT_CARD_NUMBER
131605,185.0,194.0,PD1979373,US_SOCIAL_SECURITY_NUMBER
131605,197.0,210.0,234.30.96.250,LOCATION
131605,128.0,147.0,1967-01-09T00:00:00,DATE_OF_BIRTH
139910,209.0,219.0,09/04/1980,DATE_OF_BIRTH
139910,257.0,275.0,09AHSJ@hotmail.com,EMAIL_ADDRESS
139910,335.0,351.0,756.9002.2469.56,US_SOCIAL_SECURITY_NUMBER
139910,400.0,408.0,G5997018,CREDIT_CARD_NUMBER
130232,254.0,264.0,EJD302632X,DOCUMENT_IDENTIFIER
130232,281.0,290.0,HV8571668,DOCUMENT_IDENTIFIER
130232,305.0,318.0,7062.112 1215,PHONE_NUMBER
130232,346.0,351.0,Nahas,PERSON_NAME
130232,391.0,400.0,OO7785824,DOCUMENT_IDENTIFIER
124310,436.0,449.0,15P@gmail.com,EMAIL_ADDRESS
124310,473.0,487.0,191.137.241.66,LOCATION
124310,407.0,417.0,21/06/1953,DATE_OF_BIRTH
124310,318.0,322.0,1998,DATE_OF_BIRTH
123082,64.0,85.0,Nex.Le .16.F.84.8.WWS,CREDIT_CARD_NUMBER
123082,182.0,203.0,Yaf.Tse.14.E.37.2.DSP,CREDIT_CARD_NUMBER
123082,299.0,311.0,371167120146,US_SOCIAL_SECURITY_NUMBER
123082,396.0,411.0,KlaJus05B256LRW,US_SOCIAL_SECURITY_NUMBER
128249,23.0,44.0,Sar Nei 09 E 20 8 DGD,CODE_FISCALE
128249,115.0,126.0,570-54-4197,CODE_FISCALE
128249,196.0,217.0,Fol-Fol-06-A-13-4-RCK,CODE_FISCALE
128249,332.0,342.0,AOX094136K,CARDA_IDENTITA'
129898,224.0,241.0,shai.saxton-peel1,PERSON_NAME
129898,256.0,273.0,shai.saxton-peel1,PERSON_NAME
129898,256.0,285.0,shai.saxton-peel1@hotmail.com,EMAIL_ADDRESS
129898,355.0,365.0,3727194415,PHONE_NUMBER
129898,380.0,385.0,32.16,LOCATION
144888,0.0,24.0,ldjalil.porroche@aol.com,EMAIL_ADDRESS
144888,51.0,63.0,677563883709,CREDIT_CARD_NUMBER
144888,81.0,90.0,583303918,PASSAPORT
144888,110.0,149.0,59fc:71d0:ec82:8688:b558:58ba:2cf6:1d5d,LOCATION
144888,160.0,164.0,6:35,TIME
144888,321.0,325.0,6:35,TIME
144888,183.0,199.0,Kouassi Dogbatse,PERSON_NAME
144888,260.0,276.0,Kouassi Dogbatse,PERSON_NAME
144888,260.0,291.0,kouassi.dogbatse@protonmail.com,EMAIL_ADDRESS
144888,318.0,326.0,A3161357,CREDIT_CARD_NUMBER
144888,344.0,352.0,M6427161,PASSAPORT
147488,237.0,253.0,756 5285 8512 32,US_SOCIAL_SECURITY_NUMBER
147488,283.0,299.0,+416.78-609 7023,PHONE_NUMBER
147488,196.0,216.0,21sivakaran.rialland,PERSON_NAME
132256,327.0,345.0,A1940@tutanota.com,EMAIL_ADDRESS
132256,369.0,379.0,KOD508681O,US_SOCIAL_SECURITY_NUMBER
132256,405.0,426.0,ndella gius@yahoo.com,EMAIL_ADDRESS
132256,450.0,460.0,PEF082075X,US_SOCIAL_SECURITY_NUMBER
140246,42.0,52.0,4911712945,US_SOCIAL_SECURITY_NUMBER
140246,87.0,102.0,0109 20083 2784,PHONE_NUMBER
140246,298.0,336.0,6ef8:9aac:91c2:61c:bfbc:8df1:d373:f8f7,LOCATION
135159,7.0,16.0,10UU40682,CREDIT_CARD_NUMBER
135159,147.0,157.0,17/01/2039,DATE_OF_BIRTH
135159,189.0,193.0,6490,LOCATION
135159,26.0,77.0,"636, Chemin de Pierre Blanche, Valensole, PAC, 4210",STREET_ADDRESS
147041,43.0,58.0,moris.matavalea,PERSON_NAME
147041,154.0,172.0,erdzan.débieux1959,PERSON_NAME
147041,335.0,344.0,xuejiao69,PERSON_NAME
129602,164.0,181.0,MP@protonmail.com,EMAIL_ADDRESS
129602,125.0,129.0,74MP,PERSON_NAME
129602,214.0,224.0,MOZ711862V,US_SOCIAL_SECURITY_NUMBER
129602,291.0,293.0,IT,LOCATION
129602,334.0,337.0,549,LOCATION
129602,377.0,389.0,Via all'Alpe,LOCATION
129602,425.0,433.0,Bellagio,LOCATION
140487,282.0,296.0,arnolf.johnsan,PERSON_NAME
140487,330.0,341.0,00109 31298,PHONE_NUMBER
140487,354.0,359.0,1944N,PERSON_NAME
140487,398.0,412.0,+36.19136-6625,PHONE_NUMBER
145420,353.0,359.0,la Sua,PERSON_NAME
126494,188.0,198.0,RZY657569M,US_SOCIAL_SECURITY_NUMBER
126494,201.0,211.0,MQU945718L,US_SOCIAL_SECURITY_NUMBER
139749,218.0,227.0,nkgdfd220,PERSON_NAME
139749,254.0,264.0,16/12/1960,DATE_OF_BIRTH
139749,318.0,334.0,756.3669.2013.16,US_SOCIAL_SECURITY_NUMBER
138322,0.0,3.0,27M,PERSON_NAME
138322,244.0,247.0,27M,PERSON_NAME
138322,67.0,77.0,27/10/1969,DATE_OF_BIRTH
138322,104.0,112.0,O4581502,CREDIT_CARD_NUMBER
138322,139.0,149.0,9679707262,CREDIT_CARD_NUMBER
138322,190.0,194.0,Lerf,PERSON_NAME
122296,205.0,223.0,"dicembre 10º, 1968",DATE_OF_BIRTH
122296,405.0,423.0,"dicembre 10º, 1968",DATE_OF_BIRTH
122296,228.0,253.0,pervzbwvgwocgft03@aol.com,EMAIL_ADDRESS
122296,428.0,453.0,pervzbwvgwocgft03@aol.com,EMAIL_ADDRESS
122296,258.0,274.0,756.5880.3806.56,PHONE_NUMBER
122296,458.0,474.0,756.5880.3806.56,PHONE_NUMBER
122296,279.0,287.0,U5056861,US_SOCIAL_SECURITY_NUMBER
122296,349.0,353.0,6720,LOCATION
146520,196.0,209.0,eiko.khalilov,PERSON_NAME
146520,224.0,250.0,ixlimxgahof597@hotmail.com,EMAIL_ADDRESS
146520,263.0,271.0,Y7324008,CREDIT_CARD_NUMBER
146520,297.0,307.0,3049518717,PHONE_NUMBER
146520,320.0,335.0,+78 35 635 6050,PHONE_NUMBER
148006,420.0,442.0,nhowlfurz36405@aol.com,EMAIL_ADDRESS
148006,459.0,477.0,"182, Oberdorfstras",STREET_ADDRESS
141280,56.0,67.0,van Ormondt,PERSON_NAME
124136,50.0,60.0,2072688598,CREDIT_CARD_NUMBER
124136,170.0,180.0,8383993776,PHONE_NUMBER
124136,68.0,72.0,1997,DATE_OF_BIRTH
124136,410.0,425.0,4º ottobre 1983,DATE_OF_BIRTH
124136,436.0,441.0,02:27,TIME
137777,28.0,36.0,B1029041,DOCUMENT_NUMBER
137777,54.0,62.0,C7144869,DOCUMENT_NUMBER
137777,78.0,91.0,8917.752-6991,PHONE_NUMBER
143592,413.0,429.0,756 5389 2162 38,US_SOCIAL_SECURITY_NUMBER
143592,484.0,500.0,756.6031.4222.45,US_SOCIAL_SECURITY_NUMBER
120497,226.0,228.0,IT,LOCATION
120497,273.0,276.0,600,STREET_ADDRESS
120497,316.0,336.0,Via delle Cementerie,STREET_ADDRESS
120497,373.0,379.0,Gubbio,LOCATION
120497,420.0,422.0,55,LOCATION
129775,302.0,329.0,Sig Everard Ducourtil Corvo,PERSON_NAME
129775,403.0,424.0,Eve Duc 23 F 56 2 MYS,US_SOCIAL_SECURITY_NUMBER
125325,64.0,85.0,Ali.Pan.18.L.24.8.FRT,US_SOCIAL_SECURITY_NUMBER
125325,99.0,109.0,7037999780,PHONE_NUMBER
125325,164.0,179.0,MutTri09A207WDJ,US_SOCIAL_SECURITY_NUMBER
125325,193.0,203.0,4957314304,PHONE_NUMBER
125325,260.0,281.0,Rob Bad 22 I 63 7 EYR,US_SOCIAL_SECURITY_NUMBER
125325,295.0,305.0,0898422989,PHONE_NUMBER
129253,413.0,430.0,shkjiprim@aol.com,EMAIL_ADDRESS
129253,460.0,481.0,Shk-Grl-20-M-78-3-NGV,US_SOCIAL_SECURITY_NUMBER
137499,1.0,14.0,7563111704392,PHONE_NUMBER
137499,89.0,105.0,756.6568.0288.34,PHONE_NUMBER
137499,185.0,201.0,756.8862.7693.76,PHONE_NUMBER
137499,273.0,286.0,7560857462848,PHONE_NUMBER
137499,376.0,392.0,756.2956.4401.50,PHONE_NUMBER
141939,35.0,43.0,Y1086594,CREDIT_CARD_NUMBER
141939,127.0,135.0,N1138012,CREDIT_CARD_NUMBER
141939,217.0,231.0,V2104392352759,CREDIT_CARD_NUMBER
141939,96.0,103.0,Krishna,PERSON_NAME
141939,179.0,193.0,Selihom Daphne,PERSON_NAME
128190,126.0,137.0,-N7uih4ZGF4,CREDIT_CARD_NUMBER
128190,277.0,282.0,Avola,LOCATION
128190,304.0,314.0,04/09/2024,DATE_OF_BIRTH
153331,71.0,80.0,Lipperini,PERSON_NAME
153331,127.0,137.0,08/08/2003,DATE_OF_BIRTH
153331,143.0,157.0,186.86.131.206,LOCATION
164436,78.0,87.0,JT26004RV,CREDIT_CARD_NUMBER
164436,115.0,127.0,535.370.5340,US_SOCIAL_SECURITY_NUMBER
164436,162.0,171.0,866363278,CREDIT_CARD_NUMBER
164436,375.0,383.0,Jan-Luca,PERSON_NAME
171992,155.0,165.0,Kaluzinska,PERSON_NAME
171992,211.0,228.0,"febrero 25º, 1992",DATE_OF_BIRTH
171992,255.0,264.0,GCN421119,PHONE_NUMBER
171992,283.0,301.0,Hoyo de Manzanares,LOCATION
171992,307.0,309.0,MD,LOCATION
171992,320.0,330.0,13/10/1992,DATE_OF_BIRTH
171992,360.0,369.0,XKR236644,PHONE_NUMBER
165444,360.0,378.0,Raluca-Ionela Ritu,PERSON_NAME
165444,415.0,419.0,J7b>,CREDIT_CARD_NUMBER
166724,89.0,104.0,179.152.183.198,LOCATION
166724,158.0,177.0,1962-02-08T00:00:00,DATE_OF_BIRTH
166724,435.0,454.0,1962-02-08T00:00:00,DATE_OF_BIRTH
166724,158.0,177.0,1965-01-04T00:00:00,DATE_OF_BIRTH
166724,435.0,454.0,1965-01-04T00:00:00,DATE_OF_BIRTH
166724,298.0,317.0,2001-07-29T00:00:00,DATE_OF_BIRTH
166724,371.0,381.0,17/03/1978,DATE_OF_BIRTH
166724,435.0,454.0,1935-06-19T00:00:00,DATE_OF_BIRTH
176504,46.0,76.0,"Yecla, Región de Murcia, 30510",STREET_ADDRESS
176504,165.0,200.0,"Santiago-Pontones, Andalucía, 23478",STREET_ADDRESS
176504,281.0,315.0,"San Fernando de Henares, MD, 28830",STREET_ADDRESS
171770,90.0,102.0,426718745993,US_SOCIAL_SECURITY_NUMBER
171770,141.0,156.0,+34.89-617.0914,PHONE_NUMBER
171770,174.0,200.0,socialnumber_a@example.com,EMAIL_ADDRESS
171770,250.0,262.0,socialA_4267,PERSON_NAME
156728,293.0,305.0,[18/05/1952],DATE_OF_BIRTH
156728,308.0,329.0,[1978-09-29T00:00:00],DATE_OF_BIRTH
174051,182.0,197.0,rfjnqizvvmuxz36,PERSON_NAME
174051,293.0,311.0,1970victorita.saby,PERSON_NAME
175890,135.0,144.0,Y@aol.com,EMAIL_ADDRESS
175890,286.0,295.0,Y@aol.com,EMAIL_ADDRESS
175890,268.0,295.0,cvjetislav19@protonmail.com,EMAIL_ADDRESS
175890,147.0,156.0,K6324678U,CREDIT_CARD_NUMBER
175890,298.0,307.0,I8150283T,CREDIT_CARD_NUMBER
149682,141.0,156.0,+53-30-799 8186,PHONE_NUMBER
149682,83.0,101.0,zbtnlhibzbtkiiqq62,PERSON_NAME
149682,365.0,380.0,qgndbzifu569397,PERSON_NAME
152528,44.0,59.0,yqzgnkdvcdaz759,PERSON_NAME
152528,87.0,102.0,yqzgnkdvcdaz759,PERSON_NAME
152528,87.0,110.0,yqzgnkdvcdaz759@aol.com,EMAIL_ADDRESS
152528,143.0,155.0,053945134290,US_SOCIAL_SECURITY_NUMBER
152528,212.0,228.0,+34 944-114-5552,PHONE_NUMBER
152528,247.0,265.0,Camino de la Salud,STREET_ADDRESS
152528,281.0,301.0,Castellar del Vallès,LOCATION
152528,345.0,350.0,08211,POSTCODE
160844,355.0,367.0,449862254521,US_SOCIAL_SECURITY_NUMBER
160844,309.0,327.0,16º noviembre 1991,DATE_OF_BIRTH
160844,252.0,256.0,MZ55,PERSON_NAME
174836,200.0,210.0,27/08/1988,DATE_OF_BIRTH
174836,247.0,259.0,455636916149,US_SOCIAL_SECURITY_NUMBER
174836,287.0,296.0,16428264S,DOCUMENT_IDENTIFIER
174836,335.0,344.0,D54937114,LICENSE_NUMBER
157108,21.0,33.0,354532265829,US_SOCIAL_SECURITY_NUMBER
157108,50.0,64.0,25º junio 1972,DATE_OF_BIRTH
157108,129.0,143.0,25º junio 1972,DATE_OF_BIRTH
157108,129.0,143.0,20º julio 1967,DATE_OF_BIRTH
157108,208.0,218.0,15/03/1954,DATE_OF_BIRTH
157108,296.0,304.0,08:14:47,TIME
157108,316.0,326.0,26/04/1997,DATE
161466,46.0,58.0,188027536395,PHONE_NUMBER
161466,66.0,69.0,590,PHONE_NUMBER
161466,217.0,273.0,"Calle Santa Ana de la Albaida, Córdoba, Andalucía, 14011",STREET_ADDRESS
161466,142.0,181.0,8cde:f93f:bba6:e33c:916e:f6d1:5e61:5198,LOCATION
161466,350.0,362.0,181620267007,US_SOCIAL_SECURITY_NUMBER
161466,380.0,399.0,"Cañada Ancha, Jerez",LOCATION
170721,47.0,76.0,zainabu.chentit27@outlook.com,EMAIL_ADDRESS
170721,114.0,123.0,C37347819,LICENSE_NUMBER
175624,332.0,353.0,rigato02@tutanota.com,EMAIL_ADDRESS
175624,383.0,395.0,463747360723,US_SOCIAL_SECURITY_NUMBER
175624,405.0,414.0,O3072366G,DNI
175624,297.0,307.0,02/01/1954,DATE_OF_BIRTH
164452,332.0,350.0,2 de abril de 2027,DATE_OF_BIRTH
164452,282.0,318.0,Parque Nacional Sierra de Guadarrama,LOCATION
149933,343.0,353.0,1967-07-12,DATE_OF_BIRTH
149933,308.0,315.0,Alidema,PERSON_NAME
149933,376.0,385.0,muharrem.,EMAIL_ADDRESS
173159,36.0,48.0,diciembre/68,DATE_OF_BIRTH
173159,134.0,144.0,18/11/1946,DATE_OF_BIRTH
173159,240.0,250.0,28/04/1960,DATE_OF_BIRTH
173159,318.0,328.0,05/06/2027,DATE_OF_BIRTH
173159,64.0,75.0,08253-50012,PHONE_NUMBER
173159,160.0,174.0,+34.35049-6584,PHONE_NUMBER
173159,266.0,281.0,+56 86-388.5153,PHONE_NUMBER
177609,174.0,179.0,Ilche,PERSON_NAME
177609,238.0,269.0,pykccegredtxxvci78914@yahoo.com,EMAIL_ADDRESS
177609,304.0,316.0,137479184038,US_SOCIAL_SECURITY_NUMBER
177609,67.0,71.0,6193,POSTCODE
168975,421.0,435.0,albijan.bayene,PERSON_NAME
168975,453.0,456.0,Dip,PERSON_NAME
168975,355.0,371.0,"39.477, -0.37978",LOCATION
168975,355.0,361.0,39.477,LOCATION
168975,363.0,371.0,-0.37978,LOCATION
168975,464.0,489.0,Número de Seguridad Socia,US_SOCIAL_SECURITY_NUMBER
169842,38.0,47.0,I57613919,US_SOCIAL_SECURITY_NUMBER
169842,94.0,109.0,0034.42536-5581,PHONE_NUMBER
169842,145.0,245.0,"5, Carretera de Cabañaquinta al Puerto de San Isidro, Aller Cabanaquinta/Cabañaquinta, AS, 33686, ES",STREET_ADDRESS
169842,296.0,308.0,"41.1, -0.506",LOCATION
168093,83.0,90.0,1989C19,US_SOCIAL_SECURITY_NUMBER
168093,119.0,126.0,1989C19,US_SOCIAL_SECURITY_NUMBER
168093,119.0,138.0,1989C19@hotmail.com,EMAIL_ADDRESS
168093,157.0,165.0,Casavant,PERSON_NAME
168093,232.0,241.0,DDX415739,CREDIT_CARD_NUMBER
168093,272.0,281.0,T38621251,CREDIT_CARD_NUMBER
168093,304.0,316.0,23.3.230.186,LOCATION
168093,424.0,429.0,08280,LOCATION
168093,445.0,458.0,septiembre/87,DATE_OF_BIRTH
169882,22.0,34.0,150499166424,US_SOCIAL_SECURITY_NUMBER
169882,59.0,68.0,T4919783X,US_SOCIAL_SECURITY_NUMBER
169882,108.0,117.0,L45264566,CREDIT_CARD_NUMBER
169882,147.0,164.0,0137-113 419 1552,PHONE_NUMBER
169882,190.0,196.0,España,LOCATION
169882,315.0,353.0,15c0:cd1c:94d:2ee1:c573:3554:769a:7198,LOCATION
171066,7.0,28.0,AGv195901@outlook.com,EMAIL_ADDRESS
171066,105.0,126.0,51zehnter@hotmail.com,EMAIL_ADDRESS
171066,206.0,228.0,elanufanetti@yahoo.com,EMAIL_ADDRESS
171066,305.0,330.0,dswpfx042290@tutanota.com,EMAIL_ADDRESS
171066,408.0,437.0,tsanko.proenca@protonmail.com,EMAIL_ADDRESS
158397,48.0,67.0,quishpe@outlook.com,EMAIL_ADDRESS
158397,98.0,110.0,456286659394,US_SOCIAL_SECURITY_NUMBER
158397,135.0,144.0,Q43144087,LICENSE_OF_CONDUCT
158397,158.0,167.0,VBS316247,PASSPORT
158397,184.0,223.0,7c53:834a:19d7:c8f3:aca8:fd44:c415:517f,LOCATION
173007,21.0,30.0,C74K0389V,Passport_ID
173007,254.0,263.0,QRD663040,Passport_ID
175126,298.0,310.0,Weustenhagen,PERSON_NAME
175126,371.0,389.0,1003CW@outlook.com,EMAIL_ADDRESS
175126,423.0,435.0,167848761413,US_SOCIAL_SECURITY_NUMBER
175126,446.0,455.0,U8385447D,DNI
175126,472.0,481.0,KYJ809808,PASSPORT
173144,270.0,278.0,Brandett,PERSON_NAME
173144,296.0,304.0,Schucani,PERSON_NAME
173144,322.0,338.0,"Badila, Francois",PERSON_NAME
173144,422.0,429.0,Bougdim,PERSON_NAME
173144,447.0,462.0,Madsen-Østerbye,PERSON_NAME
175764,268.0,283.0,N56@outlook.com,EMAIL_ADDRESS
175764,305.0,317.0,147792792564,US_SOCIAL_SECURITY_NUMBER
175764,348.0,357.0,08747810M,DOCUMENT_NUMBER
163291,47.0,59.0,321026166908,PHONE_NUMBER
163291,96.0,105.0,K50725506,PERSON_NAME
163291,145.0,154.0,YBX678354,PERSON_NAME
163291,214.0,226.0,101258646920,PHONE_NUMBER
163291,267.0,276.0,P23013598,PERSON_NAME
163291,344.0,353.0,TPY134091,PERSON_NAME
161747,292.0,306.0,03-23-12.72-49,PHONE_NUMBER
161747,326.0,341.0,226.153.199.226,LOCATION
161747,386.0,396.0,09/09/2059,DATE_OF_BIRTH
167936,260.0,270.0,03/12/1951,DATE_OF_BIRTH
167936,242.0,250.0,julio/00,DATE_OF_BIRTH
169279,6.0,15.0,A59409997,US_SOCIAL_SECURITY_NUMBER
169279,48.0,57.0,X8584117D,US_SOCIAL_SECURITY_NUMBER
169279,78.0,85.0,Badajoz,LOCATION
153251,76.0,92.0,Heavenly Stuefer,PERSON_NAME
153251,158.0,170.0,093330040055,US_SOCIAL_SECURITY_NUMBER
153251,182.0,191.0,76229393K,DNI
153251,220.0,229.0,Z26635990,LICENCIA DE CONDUCIR
153251,247.0,256.0,TSP535193,PASAPORTE
153251,269.0,275.0,España,LOCATION
153251,293.0,373.0,"688, Aldea Pañeda Nueva, Siero Anes/Samartindianes, Principado de Asturias 33189",STREET_ADDRESS
164630,25.0,34.0,O69886033,LICENSE_NUMBER
164630,51.0,60.0,YSC005532,PASSPORT_NUMBER
164630,76.0,92.0,0094-62 539-5193,PHONE_NUMBER
164630,112.0,126.0,103.147.91.229,IP_ADDRESS
164630,149.0,157.0,Rubanjwa,PERSON_NAME
164630,181.0,189.0,El Eyadi,PERSON_NAME
164630,212.0,219.0,Warezak,PERSON_NAME
166957,66.0,78.0,024749713600,US_SOCIAL_SECURITY_NUMBER
166957,6.0,25.0,1974-06-10T00:00:00,DATE_OF_BIRTH
166957,104.0,143.0,1f08:3838:c39c:6ce4:c24f:2406:92a9:fb86,LOCATION
162938,10.0,20.0,8794474968,PHONE_NUMBER
162938,123.0,162.0,ece0:ab28:6c9c:16a0:6016:157a:dfd5:8643,PERSON_NAME
162938,290.0,306.0,+744.79-366 1457,PHONE_NUMBER
162938,438.0,443.0,21700,LOCATION
162938,467.0,477.0,28/01/2005,DATE_OF_BIRTH
156132,137.0,146.0,C4235243S,US_SOCIAL_SECURITY_NUMBER
156132,221.0,230.0,C4235243S,US_SOCIAL_SECURITY_NUMBER
156132,150.0,156.0,Uteque,PERSON_NAME
156132,241.0,247.0,Uteque,PERSON_NAME
164721,341.0,411.0,"550, Camino de Carra Vega, Cubillas de Cerrato, Castilla y León, 34219",STREET_ADDRESS
164721,200.0,209.0,Z17010500,LOCATION
168675,20.0,59.0,1e5e:cd33:a81b:bbba:431b:81ce:b87b:f538,LOCATION
170144,174.0,183.0,59860443F,US_SOCIAL_SECURITY_NUMBER
170144,251.0,260.0,66670404C,US_SOCIAL_SECURITY_NUMBER
170144,328.0,338.0,KAK235434O,US_SOCIAL_SECURITY_NUMBER
164744,349.0,361.0,387759449290,US_SOCIAL_SECURITY_NUMBER
164744,390.0,399.0,45175024L,DOCUMENTO DE IDENTIDAD
164744,414.0,431.0,00345 72-049-1928,PHONE_NUMBER
164744,448.0,461.0,u\@oTj=vt}1Y,PASSWORD
163464,116.0,137.0,Tente Campaniço Corbu,PERSON_NAME
163464,157.0,167.0,02/10/1957,DATE_OF_BIRTH
163464,189.0,217.0,dinsllshi2030@protonmail.com,EMAIL_ADDRESS
163464,247.0,256.0,H41951476,LICENSE_NUMBER
174099,291.0,297.0,Milito,PERSON_NAME
174099,318.0,326.0,Siepmann,PERSON_NAME
174099,370.0,380.0,Siedenhans,PERSON_NAME
174099,420.0,424.0,Oppo,PERSON_NAME
174099,470.0,472.0,Ze,PERSON_NAME
154457,201.0,213.0,184163799518,PHONE_NUMBER
154457,339.0,362.0,bakmicho17@tutanota.com,EMAIL_ADDRESS
154457,458.0,478.0,291971RE@hotmail.com,EMAIL_ADDRESS
162196,249.0,265.0,+72 562 508.0417,PHONE_NUMBER
162196,277.0,300.0,vickilipperin@yahoo.com,EMAIL_ADDRESS
168427,45.0,60.0,D38@hotmail.com,EMAIL_ADDRESS
168427,89.0,103.0,+33 63874 8041,PHONE_NUMBER
168427,358.0,385.0,hbrrdguqttfet1926@yahoo.com,EMAIL_ADDRESS
168427,414.0,426.0,046-478 4481,PHONE_NUMBER
151293,118.0,134.0,dgjoebslian94047,PERSON_NAME
151293,235.0,238.0,FNP,US_SOCIAL_SECURITY_NUMBER
151293,288.0,303.0,"abril 20º, 1970",DATE_OF_BIRTH
151293,402.0,420.0,00950.407-786.6662,PHONE_NUMBER
170132,28.0,40.0,355613902121,PHONE_NUMBER
170132,134.0,146.0,113824506481,PHONE_NUMBER
170132,233.0,245.0,282762854422,PHONE_NUMBER
170132,332.0,340.0,15:39:12,DATE_OF_BIRTH
170132,343.0,353.0,Febrero 82,DATE_OF_BIRTH
170132,386.0,399.0,septiembre/82,DATE_OF_BIRTH
166358,100.0,114.0,157.157.78.172,IP_ADDRESS
166358,281.0,295.0,128.239.32.151,IP_ADDRESS
175627,419.0,438.0,02 de julio de 2031,DATE_OF_BIRTH
175627,85.0,92.0,DT2 7SJ,STREET_ADDRESS
158350,137.0,176.0,5dab:5858:a3f7:991c:4eb7:3bc0:a17a:d74f,IP_ADDRESS
158350,457.0,468.0,[Su nombre],PERSON_NAME
158350,471.0,481.0,[Su cargo],JOB_TITLE
158350,484.0,503.0,[Datos de contacto],EMAIL_ADDRESS
161236,162.0,194.0,wpfbpvhtspt547795@protonmail.com,EMAIL_ADDRESS
161236,275.0,291.0,0134874 669 3140,PHONE_NUMBER
163963,66.0,81.0,P14@hotmail.com,EMAIL_ADDRESS
163963,112.0,124.0,316190959298,US_SOCIAL_SECURITY_NUMBER
163963,177.0,192.0,+27 68 323.6598,PHONE_NUMBER
163963,279.0,309.0,bdzbjeffebudyxdn6939@gmail.com,EMAIL_ADDRESS
163963,340.0,352.0,121601596473,US_SOCIAL_SECURITY_NUMBER
163963,405.0,416.0,025.970.317,PHONE_NUMBER
165621,203.0,216.0,septiembre/48,DATE_OF_BIRTH
165621,252.0,263.0,430-38-2206,US_SOCIAL_SECURITY_NUMBER
165621,276.0,288.0,782475992094,DNI
165621,318.0,326.0,P3365513,LICENSE_NUMBER
165621,338.0,351.0,157.143.41.44,IP
153112,295.0,310.0,+43 02.835.5161,PHONE_NUMBER
174934,147.0,162.0,IAN@hotmail.com,EMAIL_ADDRESS
174934,187.0,196.0,G72060377,LICENSE_NUMBER
174934,241.0,264.0,1934GSSG@protonmail.com,EMAIL_ADDRESS
174934,289.0,298.0,M16848914,LICENSE_NUMBER
174934,343.0,360.0,obielum21@aol.com,EMAIL_ADDRESS
174934,385.0,394.0,U30704904,LICENSE_NUMBER
174934,439.0,464.0,xhemail.mellouk60@aol.com,EMAIL_ADDRESS
169715,69.0,108.0,640d:d436:aabc:7d59:fc26:bac7:a763:e77a,IP_ADDRESS
169715,124.0,132.0,b3*K{efF,PASSWORD
169715,173.0,185.0,214.42.37.40,IP_ADDRESS
169715,201.0,211.0,n3uA]r0VjW,PASSWORD
169715,261.0,275.0,238.133.24.103,IP_ADDRESS
169715,291.0,295.0,7X'd,PASSWORD
169715,336.0,350.0,209.250.75.138,IP_ADDRESS
169715,366.0,370.0,3{rF,PASSWORD
169715,419.0,458.0,4ba9:22a0:c865:506b:1914:1332:e8f3:f6fa,IP_ADDRESS
165671,369.0,384.0,FKA@hotmail.com,EMAIL_ADDRESS
165671,404.0,432.0,adaf:9180:fdc2:ce3:c4d3:77c6,LOCATION
169034,110.0,122.0,219815330778,US_SOCIAL_SECURITY_NUMBER
169034,153.0,159.0,Aragón,LOCATION
169034,353.0,359.0,Aragón,LOCATION
169034,189.0,202.0,septiembre/65,DATE_OF_BIRTH
169034,389.0,402.0,septiembre/65,DATE_OF_BIRTH
169034,247.0,262.0,qhsjeczbl606204,PERSON_NAME
169034,310.0,322.0,166149265385,US_SOCIAL_SECURITY_NUMBER
169034,447.0,460.0,vérane.lanzos,PERSON_NAME
173929,71.0,83.0,128959117587,US_SOCIAL_SECURITY_NUMBER
173929,251.0,263.0,072428334427,US_SOCIAL_SECURITY_NUMBER
173929,94.0,100.0,España,LOCATION
173929,274.0,280.0,España,LOCATION
173929,207.0,212.0,16430,CODE
173929,407.0,412.0,50629,CODE
173929,439.0,454.0,Mobile Home 296,LOCATION
158642,356.0,397.0,El Equipo Legal de Salud Pública - España,PERSON_NAME
158642,391.0,397.0,España,LOCATION
175870,349.0,363.0,"mayo 19º, 2029",DATE_OF_BIRTH
175870,372.0,377.0,10:22,TIME
175870,391.0,396.0,[37.8,LOCATION
171193,139.0,158.0,inkorakinic@aol.com,EMAIL_ADDRESS
171193,190.0,201.0,008 0047999,PHONE_NUMBER
149292,195.0,206.0,07H@aol.com,EMAIL_ADDRESS
149292,221.0,230.0,45203472Y,US_SOCIAL_SECURITY_NUMBER
149292,251.0,260.0,UUD043309,PASSPORT
149292,168.0,178.0,07/08/1978,DATE_OF_BIRTH
149292,397.0,405.0,junio/86,DATE_OF_BIRTH
151155,199.0,209.0,Huisduinen,Ciudad
151155,240.0,244.0,1789,Código Postal
151155,357.0,376.0,Nordrhein-Westfalen,Estado
151155,287.0,289.0,DE,País
151155,336.0,346.0,Waldfeucht,Ciudad
170508,0.0,16.0,a@protonmail.com,EMAIL_ADDRESS
170508,101.0,118.0,T1983@outlook.com,EMAIL_ADDRESS
170508,195.0,212.0,1997YR6@gmail.com,EMAIL_ADDRESS
170508,355.0,367.0,diciembre/68,DATE_OF_BIRTH
170508,338.0,343.0,30593,POSTCODE_BG
176370,21.0,29.0,marzo/95,DATE_OF_BIRTH
176370,52.0,66.0,kaylie@aol.com,EMAIL_ADDRESS
176370,94.0,110.0,756 1829 5135 36,US_SOCIAL_SECURITY_NUMBER
176370,137.0,145.0,E0090784,DOCUMENT_IDENTIFIER
176370,170.0,180.0,1284886752,LICENSE_NUMBER
176370,197.0,235.0,32a3:4bf1:26c8:3840:7c7e:aa35:870:af2d,IP_ADDRESS
159436,60.0,65.0,06389,POSTAL_CODE
159436,138.0,144.0,Muhika,PERSON_NAME
159436,201.0,210.0,K21594024,LICENSE_NUMBER
159436,116.0,124.0,}]U5lJFf1,PASSWORD
159436,226.0,236.0,L?<S6Qm}0E,PASSWORD
171964,30.0,39.0,H45112751,LICENSE_NUMBER
171964,53.0,62.0,WNE798023,PASSPORT_NUMBER
171964,282.0,294.0,027560680303,US_SOCIAL_SECURITY_NUMBER
171964,359.0,371.0,197604954790,US_SOCIAL_SECURITY_NUMBER
153174,132.0,152.0,2 91 06 16978 589 21,PHONE_NUMBER
153174,405.0,417.0,272382045413,PHONE_NUMBER
153174,163.0,182.0,"noviembre 21º, 1977",DATE_OF_BIRTH
153174,428.0,447.0,"noviembre 21º, 1977",DATE_OF_BIRTH
168573,252.0,264.0,361643841562,US_SOCIAL_SECURITY_NUMBER
168573,364.0,375.0,098 3946202,PHONE_NUMBER
162765,70.0,83.0,224.163.56.69,PHONE_NUMBER
162765,153.0,190.0,d670:2629:138:dd7:f077:5e7d:15bd:ff8a,LOCATION
162765,378.0,393.0,164.221.191.245,PHONE_NUMBER
162765,266.0,305.0,22a2:aeab:ac4b:5ef6:e3ab:afc3:80ba:310c,LOCATION
162765,248.0,260.0,1982zurawska,PERSON_NAME
173245,120.0,144.0,obwzml78099@tutanota.com,EMAIL_ADDRESS
173245,167.0,179.0,328249667261,US_SOCIAL_SECURITY_NUMBER
173245,229.0,238.0,R31941780,DRIVER_LICENSE
173245,252.0,264.0,00359.63381 ,PHONE_NUMBER
169449,404.0,409.0,50171,CODE_POSTAL
169449,421.0,440.0,12º septiembre 2011,DATE_OF_BIRTH
156723,298.0,305.0,Zinajda,PERSON_NAME
156723,29.0,38.0,S94946441,DRIVER_LICENSE
156723,57.0,66.0,HDN204293,PASSPORT
156723,86.0,101.0,+10-15 213 7110,PHONE_NUMBER
156723,234.0,248.0,55.235.164.164,IP_ADDRESS
156723,208.0,213.0,46012,LOCATION
156723,322.0,326.0,1946,DATE_OF_BIRTH
