value,type
GTPE,TITLE
the value of the PII entity found,the type of the PII entity found
the value of another PII entity found,the type of another PII entity found
The value of the PII entity found,the type of the PII entity found
The value of another PII entity found,the type of another PII entity found
telemedicine,remote healthcare
telemedicine call,telemedicine call
adres,address
telemedicine contact,contact
verzekering,insurance
the value of the PATIENT's health condition,health condition
consultant sessions,consultant session
customer progress evaluation,customer progress evaluation
personalized improvement plans,improvement plan
the value of their experience with trauma,trauma experience
educatieve activiteiten,educatieve activiteiten
the value of the PII entity found,US_SOCIAL_SECURITY_NUMBER
the value of the PII entity found,CREDIT_CARD_NUMBER
the value of the PII entity found,PERSON_NAME
the value of the PII entity found,LOCATION
MIN MOISEVA CEJAS,PERSON_NAME
the value of the PII entity found,the type of the PII entity found
the value of another PII entity found,the type of another PII entity found
Nelson Mandela,PERSON_NAME
the value of the PII entity found,the type of the PII entity found
the value of another PII entity found,the type of another PII entity found
the value of the PII entity found,the type of the PII entity found
the value of another PII entity found,the type of another PII entity found
the value of the PII entity found,LID
the value of another PII entity found,LID
the value of the PII entity found,the type of the PII entity found
the value of another PII entity found,the type of another PII entity found
US_SOCIAL_SECURITY_NUMBER,NUMBER
MARITIME,AREA
LOCATION,LOCATION
the perspective of the third person set II,perspective
the value of the PII entity found,the type of the PII entity found
the value of another PII entity found,the type of another PII entity found
GWZ,LOCATION
the value of the PII entity found,the type of the PII entity found
the value of another PII entity found,the type of another PII entity found
the value of the PII entity found,phone_number
the value of another PII entity found,phone_number
Burgerdienstenummer,Burgerienstempel
Geboren op,Datum van geboorte
the value of the phone number,PHONE_NUMBER
the value of the IP address,IP_ADDRESS
country: Nederland,location
street_address: Waterigeweg,location
city: Zeist,location
secondary_address: Dept 508,address
first_name: Shitikova,person_name
the value of the PII entity found,the type of the PII entity found
the value of another PII entity found,the type of another PII entity found
the value of the PII entity found,the type of the PII entity found
the value of another PII entity found,the type of another PII entity found
the value of the phone number,PHONE_NUMBER
the value of the email address,EMAIL_ADDRESS
the value of the burgerservicenummer,CREDIT_CARD_NUMBER
the value of the US_social_security_number,US_SOCIAL_SECURITY_NUMBER
the value of the person name,PERSON_NAME
the date of birth,DATE_OF_BIRTH
the location,LOCATION
the street_address,STREET_ADDRESS
the value of the phone number,PHONE_NUMBER
the value of the email address,EMAIL_ADDRESS
the value of the credit card number,CREDIT_CARD_NUMBER
the value of the US social security number,US_SOCIAL_SECURITY_NUMBER
the value of the person name,PERSON_NAME
the date of birth,DATE_OF_BIRTH
the location,LOCATION
the street address,STREET_ADDRESS
the value of the PII entity found,the type of the PII entity found
the value of another PII entity found,the type of another PII entity found
Oro,PHONE_NUMBER
the value of the PII entity found,the type of the PII entity found
the value of another PII entity found,the type of another PII entity found
Feedback points regarding the Early Intervention Program,the type of the PII entity found
The value of another PII entity found,the type of another PII entity found
the value of the PHONE_NUMBER,PHONE_NUMBER
Bowo,Bowo
not specified,not specified
geslacht,Geslacht
the potential for misinterpretation and misuse,potential for misuse
Q,Paspoort
A,Gebruikersnaam
B,Gebruikersnaam
B,Paspoort
phone_number,phone_number
email_address,email_address
credit_card_number,credit_card_number
us_social_security_number,us_social_security_number
person_name,person_name
date_of_birth,date_of_birth
location,location
street_address,street_address
Januari 1969,DATE_OF_BIRTH
the value of the PII entity found,the type of the PII entity found
the value of another PII entity found,the type of another PII entity found
the value of the PII entity found,personal_info
this book,THE_TYPE_OF_BOOK
the value of the PII entity found,the type of the PII entity found
the value of another PII entity found,the type of another PII entity found
health,the type of health information
well-being,the focus of the health initiative
doctor,likely related to healthcare
birthdate,date of birth
location,school location
UBTGE,PHONE_NUMBER
the value of the PII entity found,phone_number
the value of another PII entity found,phone_number
the value of the PII entity found,social_number
the value of the PII entity found,date_of_birth
the value of the PII entity found,street_address
the value of the PII entity found,the type of the PII entity found
the value of another PII entity found,the type of another PII entity found
the value of the PII entity found,the type of the PII entity found
the value of another PII entity found,the type of another PII entity found
the value of the PII entity found,claim_processing_time
the value of your piece,the type of the PII entity found
the value of the itinerary,itinerary
the value of the trip,trip
Street_Address,STREET_ADDRESS
time of death,DATE_OF_BIRTH
US_SOCIAL_SECURITY_NUMBER,Social Security Number
the value of the PII entity found,the type of the PII entity found
the value of another PII entity found,the type of another PII entity found
the value of the PII entity found,the type of the PII entity found
the value of another PII entity found,the type of another PII entity found
the value of the PII entity found,PERSON_NAME
the value of another PII entity found,EMAIL_ADDRESS
the value of the PII entity found,PHONE_NUMBER
the value of the PII entity found,CREDIT_CARD_NUMBER
the value of the PII entity found,US_SOCIAL_SECURITY_NUMBER
the value of the PII entity found,DATE_OF_BIRTH
the value of the PII entity found,LOCATION
the value of the PII entity found,DRIVER'S_LICENSE_NUMBER
the value of the PII entity found,PERSON_NAME
the value of another PII entity found,PERSON_NAME
the value of the PII entity found,LOCATION
the value of the PII entity found,DATE_OF_BIRTH
PHONE_NUMBER,PHONE_NUMBER
the value of the PII entity found,the type of the PII entity found
the value of another PII entity found,the type of another PII entity found
the value of the PII entity found,the type of the PII entity found
the value of another PII entity found,the type of another PII entity found
the value of the PII entity found,the type of the PII entity found
the value of another PII entity found,the type of another PII entity found
phone_number,phone_number
email_address,email_address
person_name,person_name
the value of the PII entity found,PHONE_NUMBER
the value of another PII entity found,PHONE_NUMBER
EMAIL_ADDRESS,EMAIL_ADDRESS
the value of the PII entity found,date_of_birth
the value of the PII entity found,id_card
the value of the PII entity found,ip_address
the value of the PII entity found,the type of the PII entity found
the value of another PII entity found,the type of another PII entity found
the value of the PII entity found,PERSON_NAME
the value of another PII entity found,DATE_OF_BIRTH
the value of the PII entity found,IP_Address
"Buckingham Grove, Kingswinford, ENG, DY6 9EA, DY6 9EB, DY6 9ED, DY6 9ED, Basement 401",ADDRESS
the value of the PII entity found,the type of the PII entity found
the value of another PII entity found,the type of another PII entity found
MILITAO1986@outlook.com,EMAIL_ADDRESS
the value of the PII entity found,the type of the PII entity found
the value of another PII entity found,the type of another PII entity found
the value of the PII entity found,Passport
the value of another PII entity found,Passport
the value of the PII entity found,phone_number
the value of the PII entity found,email_address
the value of the PII entity found,address
the value of the PII entity found,the type of the PII entity found
the value of another PII entity found,the type of another PII entity found
Phone Number,PHONE_NUMBER
Telephone Number,PHONE_NUMBER
Address,LOCATION
the value of the PII entity found,the type of the PII entity found
the value of another PII entity found,the type of another PII entity found
the value of the PII entity found,the type of the PII entity found
the value of another PII entity found,the type of another PII entity found
the value of the PII entity found,PHONE_NUMBER
the value of the PII entity found,the type of the PII entity found
the value of another PII entity found,the type of another PII entity found
the value of the PII entity found,PHONE_NUMBER
the value of another PII entity found,PHONE_NUMBER
the value of the PII entity found,EMAIL_ADDRESS
the value of the PII entity found,PERSON_NAME
the value of the PII entity found,the type of the PII entity found
the value of another PII entity found,the type of another PII entity found
the value of the PII entity found,the type of the PII entity found
the value of another PII entity found,the type of another PII entity found
the value of the PII entity found,the type of the PII entity found
"May 15, 2061",DATE_OF_BIRTH
the value of the PII entity found,the type of the PII entity found
the value of another PII entity found,the type of another PII entity found
the value of the PII entity found,the type of the PII entity found
the value of another PII entity found,the type of another PII entity found
the value of the PII entity found,the type of the PII entity found
the value of another PII entity found,the type of another PII entity found
the value of the educational community,PERSON_NAME
the value of the forum,LOCATION
the value of the United States,LOCATION
the value of discovery,FIELD_OF_STUDY
the value of the US,LOCATION
the value of the PII entity found,the type of the PII entity found
the value of another PII entity found,the type of another PII entity found
the value of the PII entity found,the type of the PII entity found
the value of another PII entity found,the type of another PII entity found
the value of the PII entity found,the type of the PII entity found
the value of another PII entity found,the type of another PII entity found
the value of the PII entity found,the type of the PII entity found
the value of another PII entity found,the type of another PII entity found
the value of the PII entity found,the type of the PII entity found
the value of another PII entity found,the type of another PII entity found
phone_number,phone_number
email_address,email_address
credit_card_number,credit_card_number
us_social_security_number,us_social_security_number
person_name,person_name
date_of_birth,date_of_birth
street_address,street_address
the value of the PII entity found,PHONE_NUMBER
the value of another PII entity found,PHONE_NUMBER
the value of the PII entity found,EMAIL_ADDRESS
the value of the PII entity found,CREDIT_CARD_NUMBER
the value of the PII entity found,US_SOCIAL_SECURITY_NUMBER
the value of the PII entity found,PERSON_NAME
the value of the PII entity found,DATE_OF_BIRTH
the value of the PII entity found,LOCATION
the value of the PII entity found,STREET_ADDRESS
the value of the PII entity found,the type of the PII entity found
the value of another PII entity found,the type of another PII entity found
the value of the PII entity found,phone_number
the value of another PII entity found,phone_number
the value of the PII entity found,the type of the PII entity found
the value of another PII entity found,the type of another PII entity found
US_SOCIAL_SECURITY_NUMBER,US_SOCIAL_SECURITY_NUMBER
PERSON_NAME,PERSON_NAME
US Social Security Number,US_SOCIAL_SECURITY_NUMBER
Street_Address,Street_Address
the value of the PII entity found,the type of the PII entity found
the value of another PII entity found,the type of another PII entity found
psychogenic seizures,Seizure Type
patient details,Patient
the value of the PII entity found,the type of the PII entity found
the value of another PII entity found,the type of another PII entity found
the value of the LALAOUI name,PERSON_NAME
the value of the LALAOUI last name,PERSON_NAME
the value of the LALAOUI address,LOCATION
Phone Number,PHONE_NUMBER
Postal Code,POSTAL_CODE
the value of the PII entity found,US_SOCIAL_SECURITY_NUMBER
the value of the PII entity found,PERSON_NAME
the value of the PII entity found,DATE_OF_BIRTH
the value of the PII entity found,ADDRESS
the value of the PII entity found,LOCATION
the value of the PII entity found,the type of the PII entity found
the value of another PII entity found,the type of another PII entity found
unknown,LOCATION
John Doe,名前
the value of the PII entity found,Phone_Number
the value of another PII entity found,Phone_Number
the value of the PII entity found,Address
date of birth,DATE_OF_BIRTH
the value of the phone number,PHONE_NUMBER
the value of the email address,EMAIL_ADDRESS
the value of the credit card number,CREDIT_CARD_NUMBER
the value of the US social security number,US_SOCIAL_SECURITY_NUMBER
the value of the street address,STREET_ADDRESS
the value of the PII entity found,the type of the PII entity found
the value of another PII entity found,the type of another PII entity found
the value of the PII entity found,EMAIL_ADDRESS
the value of another PII entity found,EMAIL_ADDRESS
the value of the PII entity found,PHONE_NUMBER
the value of the PII entity found,US_SOCIAL_SECURITY_NUMBER
the value of the PII entity found,PERSON_NAME
the value of the PII entity found,DATE_OF_BIRTH
the value of the PII entity found,LOCATION
the value of the PII entity found,street_address
the value of the PII entity found,the type of the PII entity found
the value of another PII entity found,the type of another PII entity found
the value of the PII entity found,the type of the PII entity found
the value of another PII entity found,the type of another PII entity found
the value of the PII entity found,the type of the PII entity found
the value of another PII entity found,the type of another PII entity found
the value of the PII entity found,phone_number
the value of another PII entity found,phone_number
the value of the PII entity found,email_address
the value of the PII entity found,PHONE_NUMBER
the value of another PII entity found,PHONE_NUMBER
the value of the PII entity found,EMAIL_ADDRESS
the value of the PII entity found,CREDIT_CARD_NUMBER
the value of the PII entity found,US_SOCIAL_SECURITY_NUMBER
the value of the PII entity found,PERSON_NAME
the value of the PII entity found,DATE_OF_BIRTH
the value of the PII entity found,LOCATION
the value of the PII entity found,STREET_ADDRESS
Social Security Number,Social Security Number
Phone Number,Phone Number
Email Address,Email Address
Credit Card Number,Credit Card Number
US Social Security Number,US Social Security Number
Person Name,Person Name
Date of Birth,Date of Birth
the value of the PII entity found,the type of the PII entity found
the value of another PII entity found,the type of another PII entity found
the value of the PII entity found,phone_number
the value of another PII entity found,phone_number
the value of the PII entity found,street_address
the value of the PII entity found,hospital admission
the value of the PII entity found,phone_number
the value of another PII entity found,email_address
the value of the PII entity found,date_of_birth
the value of the PII entity found,location
Paysa,STREET_ADDRESS
the value of the PII entity found,phone_number
the value of another PII entity found,phone_number
the value of the PII entity found,PERSON_NAME
the value of the PII entity found,DATE_OF_BIRTH
study on our success,the type of the PII entity found
our success,the type of the PII entity found
Номер для связи,Phone_Number
the value of the PII entity found,the type of the PII entity found
the value of the PII entity found,PHONE_NUMBER
the value of another PII entity found,PHONE_NUMBER
the value of the PII entity found,EMAIL_ADDRESS
the value of the PII entity found,the type of the PII entity found
the value of another PII entity found,the type of another PII entity found
the value of the PII entity found,phone_number
february/63,DATE_OF_BIRTH
The value of the PII entity found,the type of the PII entity found
The value of another PII entity found,the type of another PII entity found
the value of the PII entity found,the type of the PII entity found
the value of another PII entity found,the type of another PII entity found
the value of the PII entity found,the type of the PII entity found
the value of another PII entity found,the type of another PII entity found
"January 10, 1985",DATE_OF_BIRTH
their details,the type of PII entity found
their requirements,the type of PII entity found
their steps,the type of PII entity found
they perform,the type of PII entity found
all necessary steps,the type of PII entity found
their address,the type of PII entity found
their success,the type of PII entity found
beyond,the type of PII entity found
the value of the PII entity found,the type of the PII entity found
the value of another PII entity found,the type of another PII entity found
the value of the PII entity found,phone_number
the value of another PII entity found,phone_number
the value of the PII entity found,email_address
the value of the PII entity found,DATE_OF_BIRTH
the value of another PII entity found,DATE_OF_BIRTH
the value of the PII entity found,PHONE_NUMBER
the value of another PII entity found,PHONE_NUMBER
the value of the PII entity found,PHONE_NUMBER
the value of another PII entity found,PHONE_NUMBER
the value of the PII entity found,EMAIL_ADDRESS
the value of the PII entity found,CREDIT_CARD_NUMBER
the value of the PII entity found,US_SOCIAL_SECURITY_NUMBER
the value of the PII entity found,PERSON_NAME
the value of the PII entity found,DATE_OF_BIRTH
the value of the PII entity found,LOCATION
nourriture,the type of the PII entity found
pots scolaires,the type of the PII entity found
adresse,the type of the PII entity found
the value of the PII entity found,the type of the PII entity found
the value of another PII entity found,the type of another PII entity found
the value of the PII entity found,time_of_publication
the value of another PII entity found,time_of_publication
"July 29th, 2004",DATE_OF_BIRTH
August/39,DATE_OF_BIRTH
the value of the PII entity found,the type of the PII entity found
phone_number,Perot
email_address,Brenni
US_social_security_number,r(V^&5k^O[<8
credit_card_number,nEx]0KXe
person_name,Surenmann
the value of the PII entity found,the type of the PII entity found
the value of another PII entity found,the type of another PII entity found
the value of the PII entity found,the type of the PII entity found
the value of another PII entity found,the type of another PII entity found
the value of the PII entity found,phone_number
the value of another PII entity found,phone_number
the value of the PII entity found,email_address
the value of the PII entity found,the type of the PII entity found
the value of another PII entity found,the type of another PII entity found
the value of the PII entity found,the type of the PII entity found
the value of the PII entity found,the type of the PII entity found
the value of another PII entity found,the type of another PII entity found
the value of the PII entity found,the type of the PII entity found
the value of another PII entity found,the type of another PII entity found
the value of the PII entity found,phone_number
the value of another PII entity found,phone_number
the value of the PII entity found,email_address
the value of the PII entity found,credit_card_number
the value of the PII entity found,us_social_security_number
the value of the PII entity found,person_name
the value of the PII entity found,date_of_birth
the value of the PII entity found,location
the value of the PII entity found,street_address
phone_number,PHONE_NUMBER
email_address,EMAIL_ADDRESS
credit_card_number,CREDIT_CARD_NUMBER
us_social_security_number,US_SOCIAL_SECURITY_NUMBER
person_name,PERSON_NAME
date_of_birth,DATE_OF_BIRTH
location,LOCATION
street_address,STREET_ADDRESS
phone_number,phone_number
email_address,email_address
credit_card_number,credit_card_number
us_social_security_number,us_social_security_number
person_name,person_name
date_of_birth,date_of_birth
location,location
street_address,street_address
the value of the PII entity found,PERSON_NAME
the value of another PII entity found,DATE_OF_BIRTH
the value of the PII entity found,CREDIT_CARD_NUMBER
the value of the PII entity found,US_SOCIAL_SECURITY_NUMBER
the value of the PII entity found,the type of the PII entity found
the value of another PII entity found,the type of another PII entity found
the value of the PII entity found,PERSON_NAME
the value of another PII entity found,PERSON_NAME
the value of the PII entity found,PHONE_NUMBER
the value of another PII entity found,PHONE_NUMBER
the value of the PII entity found,EMAIL_ADDRESS
the value of the PII entity found,ADDRESS
the value of the PII entity found,DATE_OF_BIRTH
the value of the PII entity found,LOCATION
the value of the PII entity found,DateOfBirth
the value of another PII entity found,DateOfBirth
the value of the PII entity found,phone_number
the value of another PII entity found,phone_number
the value of the PII entity found,email_address
the value of the PII entity found,credit_card_number
the value of the PII entity found,us_social_security_number
the value of the PII entity found,person_name
the value of the PII entity found,date_of_birth
the value of the PII entity found,location
the value of the PII entity found,street_address
the value of the PII entity found,Individual
the value of another PII entity found,Individual
the value of the PII entity found,LOCATION
the value of another PII entity found,LOCATION
the value of the PII entity found,ADDRESS_IP
the value of the PII entity found,the type of the PII entity found
the value of another PII entity found,the type of another PII entity found
3rd July 1942,date_of_birth
NOT-BINARY,Geschlecht
REISEPASS,Reisepass
the value of the PII entity found,PHONE_NUMBER
the value of another PII entity found,EMAIL_ADDRESS
the value of the PII entity found,US_SOCIAL_SECURITY_NUMBER
Geschäftlichen Strategien,business
the value of the PII entity found,phone_number
the value of another PII entity found,phone_number
the value of the PII entity found,credit_card_number
the value of the PII entity found,us_social_security_number
the value of the PII entity found,person_name
the date of birth,date_of_birth
the location,location
the street address,street_address
the value of the PII entity found,the type of the PII entity found
the value of another PII entity found,the type of another PII entity found
the value of the phone number suman2000,PHONE_NUMBER
the value of the social security number 54-10-09-00-H53-7,SOCIAL_SECURITY_NUMBER
the value of the social security number 43.11.07.69.S08.4,SOCIAL_SECURITY_NUMBER
the value of the IP-address 125.62.156.133,IP_ADDRESS
the value of the IP-address 55.38.196.120,IP_ADDRESS
the value of the PII entity found,the type of the PII entity found
the value of another PII entity found,the type of another PII entity found
bedeutende Aspekte,topic
Anpassung und Weiterentwicklung,topic
the value of the PII entity found,PERSON_NAME
the value of the PII entity found,EMAIL_ADDRESS
the value of the PII entity found,PHONE_NUMBER
the value of the PII entity found,DATE_OF_BIRTH
the value of the PII entity found,LOCATION
the value of the PII entity found,STREET_ADDRESS
die Wert des PII-Typs gefunden,the type of the PII entity found
der Wert des weiteren PII-Typs gefunden,the type of another PII entity found
the value of the phone number,PHONE_NUMBER
the value of the email address,EMAIL_ADDRESS
the value of the social number,SOCIAL_NUMBER
the value of the person name,PERSON_NAME
the date of birth,DATE_OF_BIRTH
the location,LOCATION
the street address,STREET_ADDRESS
Auschner,LOCATION
e-mail address,EMAIL_ADDRESS
the value of the phone number,PHONE_NUMBER
the value of the date,DATE_OF_BIRTH
the value of the location,LOCATION
phone_number,phone_number
die Werte der PII-Eigenschaft gefunden,die Art der PII-Eigenschaft gefunden
die Werte der weiteren PII-Eigenschaft gefunden,die Art der weiteren PII-Eigenschaft gefunden
the value of the PII entity found,phone_number
the value of another PII entity found,phone_number
the value of the PII entity found,email_address
the value of the PII entity found,the type of the PII entity found
the value of another PII entity found,the type of another PII entity found
Verkehrsnetzwerke,Transportation_Network
email_address,EMAIL_ADDRESS
credit_card_number,CREDIT_CARD_NUMBER
us_social_security_number,US_SOCIAL_SECURITY_NUMBER
person_name,PERSON_NAME
date_of_birth,DATE_OF_BIRTH
location,LOCATION
street_address,STREET_ADDRESS
inzubeuerung,topic
Personen,person
the value of the PII entity found,PERSON_NAME
the value of the PII entity found,the type of the PII entity found
the value of another PII entity found,the type of another PII entity found
the value of the PII entity found,PERSON_NAME
the value of another PII entity found,PERSON_NAME
the value of the PII entity found,PHONE_NUMBER
the value of another PII entity found,PHONE_NUMBER
the value of the PII entity found,EMAIL_ADDRESS
the value of the PII entity found,CREDIT_CARD_NUMBER
the value of the PII entity found,US_SOCIAL_SECURITY_NUMBER
the value of the PII entity found,DATE_OF_BIRTH
the value of the PII entity found,LOCATION
the value of the PII entity found,STREET_ADDRESS
the value of the PII entity found,the type of the PII entity found
the value of another PII entity found,the type of another PII entity found
Phone_Number,Phone_Number
Email_Address,Email_Address
Credit_Card_Number,Credit_Card_Number
US_Social_Security_Number,US_Social_Security_Number
Person_Name,Person_Name
Date_of_Birth,Date_of_Birth
Street_Address,Street_Address
the value of the PII entity found,the type of the PII entity found
the value of another PII entity found,the type of another PII entity found
the value of our engagement,the type of engagement
Compliance-Standards,ETHICAL_STANDARD
berufliche Zusammenarbeit,RELATIONSHIP
Berufliche Gemeinschaft,ORGANIZATION
the value of the PII entity found,the type of the PII entity found
the value of another PII entity found,the type of another PII entity found
the value of the PII entity found,Email_Address
the value of the PII entity found,the type of the PII entity found
the value of another PII entity found,the type of another PII entity found
the value of the PII entity found,the type of the PII entity found
the value of another PII entity found,the type of another PII entity found
the value of the PII entity found,the type of the PII entity found
the value of another PII entity found,the type of another PII entity found
the value of the PII entity found,email_address
the value of another PII entity found,email_address
street_address,STREET_ADDRESS
26. Mai 1959,DATE_OF_BIRTH
SEEVETAL,PERSON_NAME
the value of the PII entity found,the type of the PII entity found
the value of another PII entity found,the type of another PII entity found
implementation,the type of the PII entity found
performance,the type of the PII entity found
optimization,the type of the PII entity found
the value of the PII entity found,the type of the PII entity found
the value of another PII entity found,the type of another PII entity found
the value of the PII entity found,the type of the PII entity found
the value of another PII entity found,the type of another PII entity found
the value of the US_SOCIAL_SECURITY_NUMBER,US_SOCIAL_SECURITY_NUMBER
the value of the PII entity found,the type of the PII entity found
the value of another PII entity found,the type of another PII entity found
the value of the phone number,phone_number
Geburtsdatum,DATE_OF_BIRTH
the value of the PII entity found,the type of the PII entity found
the value of another PII entity found,the type of another PII entity found
the value of the PII entity found,the type of the PII entity found
the value of another PII entity found,the type of another PII entity found
Germany,LOCATION
Pfizer,PHONE_NUMBER
COVID-19,DATE_OF_BIRTH
Pfizer,EMAIL_ADDRESS
Germany,PERSON_NAME
US_SOCIAL_SECURITY_NUMBER,US_SOCIAL_SECURITY_NUMBER
PERSON_NAME,PERSON_NAME
LOCATION,LOCATION
STREET_ADDRESS,STREET_ADDRESS
the concept for the upcoming semester,concept
the planned learning methods,learning_methods
the planned intercultural activities,activities
the value of the PII entity found,the type of the PII entity found
the value of another PII entity found,the type of another PII entity found
privat,person_name
the value of the PII entity found,the type of the PII entity found
the value of another PII entity found,the type of another PII entity found
the value of the PII entity found,time_schedule
the value of the PII entity found,learning_schedule
the value of the PII entity found,scheduling
the value of the PII entity found,the type of the PII entity found
the value of another PII entity found,the type of another PII entity found
the value of the PII entity found,the type of the PII entity found
the value of another PII entity found,the type of another PII entity found
the value of the PII entity found,the type of the PII entity found
the value of another PII entity found,the type of another PII entity found
the value of the PII entity found,IP_ADDRESS
the value of the PII entity found,the type of the PII entity found
the value of another PII entity found,the type of another PII entity found
PHONE_NUMBER,PHONE_NUMBER
EMAIL_ADDRESS,EMAIL_ADDRESS
CREDIT_CARD_NUMBER,CREDIT_CARD_NUMBER
US_SOCIAL_SECURITY_NUMBER,US_SOCIAL_SECURITY_NUMBER
PERSON_NAME,PERSON_NAME
DATE_OF_BIRTH,DATE_OF_BIRTH
LOCATION,LOCATION
STREET_ADDRESS,STREET_ADDRESS
phone_number,PHONE_NUMBER
email_address,EMAIL_ADDRESS
credit_card_number,CREDIT_CARD_NUMBER
us_social_security_number,US_SOCIAL_SECURITY_NUMBER
person_name,PERSON_NAME
date_of_birth,DATE_OF_BIRTH
location,LOCATION
street_address,STREET_ADDRESS
the value of the PHONE_NUMBER,PHONE_NUMBER
the value of the PII entity found,EMAIL_ADDRESS
the value of another PII entity found,EMAIL_ADDRESS
the value of the PII entity found,PHONE_NUMBER
Email 3: Partecipazione alle elezioni locali,election
the value of the PII entity found,the type of the PII entity found
phone_number,PHONE_NUMBER
Email_ADDRESS,EMAIL_ADDRESS
Luogo,LOCATION
CAS,CAP
the value of the PII entity found,the type of the PII entity found
the value of another PII entity found,the type of another PII entity found
the value of the PII entity found,PERSON_NAME
the value of the PII entity found,DATE_OF_BIRTH
the value of the PII entity found,LOCATION
the value of the PII entity found,EMAIL_ADDRESS
the value of the phone number,PHONE_NUMBER
the value of the email address,EMAIL_ADDRESS
the value of the credit card number,CREDIT_CARD_NUMBER
the value of the US social security number,US_SOCIAL_SECURITY_NUMBER
the name of the person,PERSON_NAME
the date of birth,DATE_OF_BIRTH
the street address,STREET_ADDRESS
the value of the PII entity found,the type of the PII entity found
the value of another PII entity found,the type of another PII entity found
PEER COUNSELING AGREEMENT,agreement
CONSULTATION,agreement
ASSOCIATION,agreement
PEER COUNSELING,agreement
EDUCATION,action
SENSUAL,action
GUIDANCE,action
the value of the PII entity found,the type of the PII entity found
the value of another PII entity found,the type of another PII entity found
regolamentazioni vigenti in materia,regulation
the value of the PII entity found,CREDIT_CARD_NUMBER
the value of another PII entity found,CREDIT_CARD_NUMBER
the value of the PII entity found,DATE_OF_BIRTH
the value of the PII entity found,LOCATION
the value of the PII entity found,PERSON_NAME
US_SOCIAL_SECURITY_NUMBER,SOCIAL_SECURITY_NUMBER
"September 3rd, 1969",DATE_OF_BIRTH
regressore,PERSON_NAME
the value of the phone number,PHONE_NUMBER
the value of the email address,EMAIL_ADDRESS
the value of the PII entity found,the type of the PII entity found
the value of another PII entity found,the type of another PII entity found
the value of the PII entity found,the type of the PII entity found
the value of another PII entity found,the type of another PII entity found
the value of the PII entity found,PHONE_NUMBER
the value of another PII entity found,PHONE_NUMBER
the value of the PII entity found,EMAIL_ADDRESS
the value of the PII entity found,the type of the PII entity found
the value of another PII entity found,the type of another PII entity found
the value of the PII entity found,the type of the PII entity found
the value of another PII entity found,the type of another PII entity found
the value of the forum,DATE_OF_BIRTH
phone number,PHONE_NUMBER
credit card number,CREDIT_CARD_NUMBER
US_SOCIAL_SECURITY_NUMBER,US_SOCIAL_SECURITY_NUMBER
the value of the PII entity found,PHONE_NUMBER
the value of another PII entity found,PHONE_NUMBER
the value of the PII entity found,EMAIL_ADDRESS
the value of the PII entity found,CREDIT_CARD_NUMBER
the value of the PII entity found,US_SOCIAL_SECURITY_NUMBER
the value of the PII entity found,PERSON_NAME
the value of the PII entity found,DATE_OF_BIRTH
the value of the PII entity found,LOCATION
the value of the PII entity found,STREET_ADDRESS
data di nascita,DATE_OF_BIRTH
indirizzo,LOCATION
indirizzo,STREET_ADDRESS
the value of the PII entity found,the type of the PII entity found
the value of another PII entity found,the type of another PII entity found
September 47,DateOfBirth
PHONE_NUMBER,PHONE_NUMBER
EMAIL_ADDRESS,EMAIL_ADDRESS
CREDIT_CARD_NUMBER,CREDIT_CARD_NUMBER
US_SOCIAL_SECURITY_NUMBER,US_SOCIAL_SECURITY_NUMBER
NOT_PROVIDED,US_SOCIAL_SECURITY_NUMBER
the value of the PHONE_NUMBER,PHONE_NUMBER
historical,historical
heritage,heritage
the value of the PII entity found,the type of the PII entity found
the value of another PII entity found,the type of another PII entity found
the value of the Blog article,blog article
Person_Name,Person_Name
the value of the PII entity found,the type of the PII entity found
the value of another PII entity found,the type of another PII entity found
w//7,PASSWORD
PHONE_NUMBER,PHONE_NUMBER
phone_number,phone_number
email_address,email_address
credit_card_number,credit_card_number
the value of the PII entity found,the type of the PII entity found
the value of another PII entity found,the type of another PII entity found
Time_BG,time
Phone_Number,phone_number
Email_Address,email_address
US_Social_Security_Number,social_security_number
Person_Name,person_name
Date_of_Birth,date_of_birth
Street_Address,street_address
MDW,NAME
the value of the PII entity found,PERSON_NAME
the value of the PII entity found,DATE_OF_BIRTH
the value of the PII entity found,LOCATION
the value of the PII entity found,Username
phone_number,phone_number
email_address,email_address
credit_card_number,credit_card_number
us_social_security_number,us_social_security_number
person_name,person_name
date_of_birth,date_of_birth
location,location
street_address,street_address
Lastname1,PERSON_NAME
phone_number,TELEPHONE_NUMBER
email_address,email_address
credit_card_number,credit_card_number
us_social_security_number,social_security_number
person_name,person_name
date_of_birth,date_of_birth
location,location
street_address,street_address
the value of the phone number,PHONE_NUMBER
the value of the PII entity found,the type of the PII entity found
the value of another PII entity found,the type of another PII entity found
the value of the PII entity found,PERSON_NAME
the value of another PII entity found,PERSON_NAME
the value of the PII entity found,PHONE_NUMBER
the value of the PII entity found,CREDIT_CARD_NUMBER
the value of the PII entity found,US_SOCIAL_SECURITY_NUMBER
the value of the PII entity found,DATE_OF_BIRTH
the value of the PII entity found,LOCATION
the value of the PII entity found,STREET_ADDRESS
the value of the PII entity found,the type of the PII entity found
the value of another PII entity found,the type of another PII entity found
the value of the PII entity found,PHONE_NUMBER
the value of another PII entity found,PHONE_NUMBER
the value of the PII entity found,EMAIL_ADDRESS
the value of the PII entity found,DATE_OF_BIRTH
the value of the PII entity found,PERSON_NAME
the value of the PII entity found,LOCATION
the value of the PII entity found,PHONE_NUMBER
the value of another PII entity found,PHONE_NUMBER
the value of the PII entity found,EMAIL_ADDRESS
the value of the PII entity found,CREDIT_CARD_NUMBER
the value of the PII entity found,US_SOCIAL_SECURITY_NUMBER
the value of the PII entity found,PERSON_NAME
the value of the PII entity found,DATE_OF_BIRTH
the value of the PII entity found,LOCATION
the value of the PII entity found,STREET_ADDRESS
the value of the PII entity found,the type of the PII entity found
the value of another PII entity found,the type of another PII entity found
the value of the PII entity found,the type of the PII entity found
the value of another PII entity found,the type of another PII entity found
la value of the PII entity found,the type of the PII entity found
the value of another PII entity found,the type of another PII entity found
the value of the PII entity found,PERSON_NAME
the value of another PII entity found,PHONE_NUMBER
the value of a date of birth,DATE_OF_BIRTH
the value of another date of birth,DATE_OF_BIRTH
the value of the PII entity found,the type of the PII entity found
the value of another PII entity found,the type of another PII entity found
the value of the phone number of Persona A,PHONE_NUMBER
the value of the email address of Persona B,EMAIL_ADDRESS
the value of the postal code of Persona B,LOCATION
the value of the postal code of Persona A,LOCATION
Fecha de Nacimiento,the type of the PII entity found
Street Address,the type of the PII entity found
the value of the PII entity found,the type of the PII entity found
the value of another PII entity found,the type of another PII entity found
comitimientos,the type of the PII entity found
intervenciones,the type of the PII entity found
the value of the PII entity found,PHONE_NUMBER
the value of another PII entity found,PHONE_NUMBER
the value of the PII entity found,EMAIL_ADDRESS
the value of the PII entity found,CREDIT_CARD_NUMBER
the value of the PII entity found,US_SOCIAL_SECURITY_NUMBER
the value of the PII entity found,PERSON_NAME
the value of the PII entity found,DATE_OF_BIRTH
the value of the PII entity found,LOCATION
the value of the PII entity found,STREET_ADDRESS
the value of the PII entity found,the type of the PII entity found
the value of another PII entity found,the type of another PII entity found
the value of the PII entity found,the type of the PII entity found
the value of another PII entity found,the type of another PII entity found
the value of the PII entity found,the type of the PII entity found
the value of another PII entity found,the type of another PII entity found
The value of the PII entity found,the type of the PII entity found
the value of another PII entity found,the type of another PII entity found
the value of the PII entity found,the type of the PII entity found
the value of another PII entity found,the type of another PII entity found
the value of the PII entity found,PERSON_NAME
the value of the PII entity found,DATE_OF_BIRTH
the value of the PII entity found,STREET_ADDRESS
"August 25th, 1947",DATE_OF_BIRTH
the value of the Terapia individual y de grupo,Terapia individual y de grupo
the value of the PII entity found,the type of the PII entity found
the value of another PII entity found,the type of another PII entity found
the value of the PII entity found,THE TYPE OF THE PII ENTITY FOUND
the value of another PII entity found,THE TYPE OF ANOTHER PII ENTITY FOUND
the value of the PII entity found,phone_number
the value of another PII entity found,phone_number
the value of the PII entity found,the type of the PII entity found
the value of another PII entity found,the type of another PII entity found
PARK_NATIONAL_SIERRA_DE_GUADARRA,LOCATION
muharrem.email,EMAIL_ADDRESS
date of birth,DATE_OF_BIRTH
phone number,PHONE_NUMBER
credit card number,CREDIT_CARD_NUMBER
US_SOCIAL_SECURITY_NUMBER,US_SOCIAL_SECURITY_NUMBER
person name,PERSON_NAME
the value of the PII entity found,the type of the PII entity found
the value of another PII entity found,the type of another PII entity found
dip,PERSON_NAME
the value of the PII entity found,the type of the PII entity found
the value of another PII entity found,the type of another PII entity found
the value of the resource,the type of resource
the value of the land,the type of land
the value of the waters,the type of water
the value of the PII entity found,PHONE_NUMBER
the value of another PII entity found,PHONE_NUMBER
the value of the PII entity found,the type of the PII entity found
the value of another PII entity found,the type of another PII entity found
change,the type of the PII entity found
the value of the PII entity found,EMAIL_ADDRESS
the value of another PII entity found,PHONE_NUMBER
the value of the PII entity found,CREDIT_CARD_NUMBER
the value of the PII entity found,US_SOCIAL_SECURITY_NUMBER
the value of the PII entity found,PERSON_NAME
the date of the finalization of the program,DATE_OF_BIRTH
the location of the program,LOCATION
the value of the PII entity found,PHONE_NUMBER
the value of the PII entity found,the type of the PII entity found
the value of another PII entity found,the type of another PII entity found
the value of the PII entity found,the type of the PII entity found
the value of another PII entity found,the type of another PII entity found
the value of the PII entity found,phone_number
the value of another PII entity found,phone_number
the value of the PII entity found,email_address
the value of the PII entity found,credit_card_number
the value of the PII entity found,US_social_security_number
the value of the PII entity found,person_name
the value of the PII entity found,date_of_birth
the value of the PII entity found,location
the value of the PII entity found,street_address
the value of the PII entity found,the type of the PII entity found
the value of another PII entity found,the type of another PII entity found
the value of the PII entity found,phone_number
the value of another PII entity found,phone_number
the value of the PII entity found,address_ip
the value of the PII entity found,the type of the PII entity found
the value of the PII entity found,phone_number
the value of another PII entity found,phone_number
the value of the PII entity found,email_address
the value of the PII entity found,credit_card_number
the value of the PII entity found,us_social_security_number
the value of the PII entity found,person_name
the date of birth,date_of_birth
the location,location
the street_address,street_address
phone_number,phone_number
email_address,email_address
the value of the PII entity found,GALA
the value of the PII entity found,EVENT
the value of the PII entity found,the type of the PII entity found
the value of another PII entity found,the type of another PII entity found
the value of the PII entity found,the type of the PII entity found
the value of another PII entity found,the type of another PII entity found
the value of the PII entity found,the type of the PII entity found
the value of another PII entity found,the type of another PII entity found
the value of the PII entity found,the type of the PII entity found
the value of another PII entity found,the type of another PII entity found
KAHRulkrivic,PHONE_NUMBER
propia,perspective
the value of the PII entity found,PHONE_NUMBER
the value of another PII entity found,PHONE_NUMBER
the value of the PII entity found,LOCATION
the value of the PII entity found,STREET_ADDRESS
September/48,Fecha de nacimiento
"January 28th, 2000",date_of_birth
estabilidad,ACTION
crecimiento,ACTION
phone_number,phone_number
email_address,email_address
credit_card_number,credit_card_number
us_social_security_number,us_social_security_number
person_name,person_name
date_of_birth,date_of_birth
location,location
street_address,street_address
"September 11th, 1976",date_of_birth
la información proporcionada en este documento,PERSON_NAME
la información proporcionada en este documento,DATE_OF_BIRTH
la información proporcionada en este documento,LOCATION
la información proporcionada en este documento,STREET_ADDRESS
the value of the PII entity found,the type of the PII entity found
the value of the PII entity found,license_id
the value of another PII entity found,license_id
the value of the PII entity found,phone_number
the value of another PII entity found,phone_number
the value of the PII entity found,email_address
the value of the PII entity found,credit_card_number
the value of the PII entity found,US_social_security_number
the value of the PII entity found,person_name
the value of the PII entity found,date_of_birth
the value of the PII entity found,location
the value of the PII entity found,street_address
the value of the PII entity found,the type of the PII entity found
the value of another PII entity found,the type of another PII entity found
the value of the PII entity found,the type of the PII entity found
the value of another PII entity found,the type of another PII entity found
the value of the PII entity found,the type of the PII entity found
the value of another PII entity found,the type of another PII entity found
the value of the PII entity found,the type of the PII entity found
the value of another PII entity found,the type of another PII entity found
the value of the PII entity found,phone_number
the value of another PII entity found,phone_number
the value of the PII entity found,email_address
the value of the PII entity found,date_of_birth
the value of the PII entity found,date
the value of the PII entity found,location
the value of the PII entity found,person_name
the value of the PII entity found,street_address
the value of the PII entity found,PERSON_NAME
the value of the PII entity found,SEX
the value of the PII entity found,DATE_OF_BIRTH
the value of the PII entity found,LOCATION
the value of the PII entity found,the type of the PII entity found
the value of another PII entity found,the type of another PII entity found
OV number,vehicle identification number
the value of the PII entity found,PHONE_NUMBER
the value of another PII entity found,PHONE_NUMBER
the value of the PII entity found,EMAIL_ADDRESS
the value of the PII entity found,CREDIT_CARD_NUMBER
the value of the PII entity found,US_SOCIAL_SECURITY_NUMBER
the value of the PII entity found,PERSON_NAME
the value of the PII entity found,DATE_OF_BIRTH
the value of the PII entity found,LOCATION
the value of the PII entity found,STREET_ADDRESS
